username,email,password_hash
bwixey0,drodie0@shutterfly.com,$2a$04$WxgtMG7pnjRAWvNTggWmE.M4JKpd2zELeHihdnQEe6kNmOuVfR7ym
arodnight1,dgresly1@amazon.co.uk,$2a$04$ridl3FOl722TilB0Hc0iSeeWnME7choQTkSxXJYoSta.R7yRL80Oi
efryett2,fjoesbury2@omniture.com,$2a$04$ZlMaUoiTY7n5txvDbsUeDO8TGjfpzr0h2NssxUDNIo/YJN3f60R2G
mbloy3,maistrop3@opera.com,$2a$04$koNPp2qz1BOGTZrcmpj0P.v98MYo5ppoCG4zM0Tv.HHblwDKJaOxO
ffrancke4,rwakeman4@microsoft.com,$2a$04$aWukwGNgDNCiRmeGRqGHf.Mkqja82b22t0.vt2SjudE5JaKPhrc8W
slittle5,sbarff5@opensource.org,$2a$04$GcbFE3uiTDJ41IyEftjfO.mJRG3JtX6seHgJe8YiPszDVY9YkVZgO
ehindsberg6,jgaucher6@slate.com,$2a$04$VXOMXmcMUYWpEdHn44KBbuLH6E63j.SDAXc8UaYxOvkUSCh.ED.zG
babramamov7,gvolks7@quantcast.com,$2a$04$vkMxZ/Jnx3uFm9OGz5lYueHbR4lOzK/./jS.eCySzQZwIyUuwB.Sq
bgoundry8,gboumphrey8@amazon.de,$2a$04$kqBH7Iab0DlXZ5RonjpN5OXe4i2LQ8TVvAfmYAftLns28Jlj3tU..
talenikov9,jcarstairs9@cnbc.com,$2a$04$ffVFik7HtPt2P3BJBpc6quspOrCy7B8Q.i9C4vybfaNpPvcE0Y4Ke
lwildeya,mhullesa@narod.ru,$2a$04$M4APt33Z83CxoGd8IxMeCOpAvprX.wVqRgFqxpLfu3edqzmdVQp2y
cwilloughwayb,gplaideb@state.tx.us,$2a$04$1RhU0OFXoh0rj4usyKQ9DufoyG11C1fYUCegPqKZHThXDYfFOSk42
mchamneyc,gpelzc@zdnet.com,$2a$04$nq0GP7.RSSGg6UCOSo7Qf.0.PvpyK6Xx8YJQM.GS5wFhTJdP5ccni
mklynerd,omcsheed@prweb.com,$2a$04$33Upv.oEWlxg1OROa.s18.kwb7fLJfcO.anQonhAAJuSSe3tWopi2
cliepinae,hsymcoxe@msn.com,$2a$04$q1oUDUclsx8pP8hFaHISnOWro2mVNrKKUHjjHC8LOu.VGcZeq..Bq
bpavlenkovf,ktebbothf@omniture.com,$2a$04$Y9F9Er.zmvBTF9kvTrHNb.m6plqUJK5zkPOSq/mGW.LIvTkxvrNOa
dharwickg,jlapreg@spiegel.de,$2a$04$GocwMKu2CY70NCHj8HRtWem/KSMfoKPYrPMKpnkaScyFKedt8AZwm
klitzmannh,mkemstonh@bluehost.com,$2a$04$5EBf92XhjxEol4RjTpm2dugpjLL5RtllbCAQ0m7bimQMyk733h87G
bwilletti,bdondoni@columbia.edu,$2a$04$t11bGpvIfhHRRhAp6H8gsebtX4S1KrAkw8hmEk2S52MwBH2dVCUES
ndullardj,eruanej@gnu.org,$2a$04$4tDbNvwG/MX9zq74tXW5me1gBxZWltoZqJmvmLFvOMNvqyWggcUZW
kdarreek,aedbrookek@rakuten.co.jp,$2a$04$msL11f5LxserZ.WRbpy9peEuFFdOoFbzqKKrQQuR3ftMJsbQwx/Tu
baberdeenl,btuxelll@smh.com.au,$2a$04$hxMyvtDpHQi9p7O2FzdDyeHyMHm7Bv7Qk4U3HZom3IG6iLylsRp/y
cgarberm,rducketm@icio.us,$2a$04$MY5vQmCS6EnBeMhjTSmpGuF/vC0z965HGOwgDZb9YpUD.jI6KEvr6
dkintishn,imactrustramn@spotify.com,$2a$04$lsN6oe4Hw6lNQbgR7tCiNOagEygtjLw5BbNjGEO.PHwCc/C8CSVc2
mbonifaceo,tcatchpoleo@cdbaby.com,$2a$04$yVeDF7CqAF4DuTV9j0iDGuyLTzsGanPzha81gMWbExHow4Vi9NXym
bmcturloughp,olashamp@ucoz.ru,$2a$04$Mn57jYzY/g/6Ae4HpbcmGuNoxQyRJv7JVkyElyyJ6WfzXMpkurgUm
steesq,sdwerryhouseq@sourceforge.net,$2a$04$.c.hOh3UW6otl5IeCV/DFO5UDWj6DRnpehmGQEzoO2OlZmUgsh38a
acorserr,slivettr@theatlantic.com,$2a$04$zFBl4c9weWiMTk/yC26q0uDbcQ1YxfxMNiqwe2ET74kYYMHieOlze
krapas,lcuolahans@cbc.ca,$2a$04$Ngc1qL7GNdfvJF4WWlS5cehNKic7HfonFwnCDQAAyYf7OeKFECzVa
wdomelawt,spatillot@blinklist.com,$2a$04$VPcayOXjcsQ8xpsIXhK/dePASmQIXEq/pCK.3zJ7MKnr0nnbIwio2
mjaszczaku,nlawloru@nba.com,$2a$04$eHDy8QDGBoqunMUajUVKL.lyYQ54k15T19/RzdSQ9uuQdgipqLNbW
mussherv,dbrabbenv@toplist.cz,$2a$04$2pac35iKJXOFmfeeZ/uvh.5qd7Npsoonr26Kz9V3tIUqJgDP1E8AG
vcesaricw,htriponyw@smugmug.com,$2a$04$5IVNbmrC1fA0GBXIesfwZe0JNuFDe8peBgXymvdVl1v3UMXKRg4hq
ddilkex,jdohrmannx@miibeian.gov.cn,$2a$04$6gl5mcZ/kwjkH3ukoFTbpeusuknbguWLseY4jqjVI8basNLlDhljG
rismayy,lhallgarthy@livejournal.com,$2a$04$RYUR5yhgP.9QbmdqyIgdwuHi3CoMdLpuCSqBiSxstx2hK6i.41gdW
csondonz,jbrahamsz@ca.gov,$2a$04$QbC3hBfklGtQqgcuKoDIt.jHP2XLzmIH6yapPluN5l4S3lXb1TMzi
kgentil10,ccestard10@google.co.uk,$2a$04$UCg1MChEw5eSVAsFHfIdEualyjo7gBGJpysIUZqsaKS.S6eIw6hB2
jgerrad11,sheistermann11@yahoo.co.jp,$2a$04$mVoQH9Mt9pDjLQFrdelbyOPIQV9KENckYYYNzh6riy2X.ORnGIbeq
jstanfield12,ptrehearne12@nps.gov,$2a$04$gBo2J3rjXClNJ.MDMyO5gOitTqI.uZByI4hzku88nyfP9HuSb1aN2
pcristol13,htyce13@blogs.com,$2a$04$LlfelVnoPRGtMX2FhnDuYeWuAT/2hHd02orlCVirmdRF95sYWeoH2
qthunderchief14,klinney14@lycos.com,$2a$04$IS7/kjkkZnWzz6Fgv5k6Zu5Jn19xYLa2/b0cSBe/8tzcgVAJ5wIi6
moxtarby15,tbricknell15@reddit.com,$2a$04$ziZSXnFDng3K5TX.8EnC9eqbStqYRiGc29VckBjQNS2mlryRZQZZy
kpenton16,nback16@cocolog-nifty.com,$2a$04$AQIAAFVZF7QA2TtMi.tVjeMQADYfyb7Tn74k8YQvUjOAQIG2.cJ.q
clampke17,skernan17@nature.com,$2a$04$GruOc44pg6ZPT/Vf0K8Yse68R8l9wRFWZg0Bday4CV.QdKLLoP2ly
mcorby18,swindus18@blogger.com,$2a$04$fckJglSoKO5PZbjz.7lZqOkTN7uCzp6pxO8Jmc0SXOS3ixxdnNp66
ohumberstone19,ischonfelder19@constantcontact.com,$2a$04$dhcumwWC1oX1EYQv7SB9x.HDRhCbF7ttN4S2kYo9TIFzPNp5i01wW
rhadgkiss1a,cjuly1a@archive.org,$2a$04$1ZZtHY5ThSYMcquQQ5KCmuhJqtIVlEP66eDDihXDOPI8/mvs5r.vO
gshee1b,gtowlson1b@yahoo.com,$2a$04$/LL9uByXB9Wjmv6y0dv2E.nqk3ibYKci9AVs8G4nUftgOXMbL9W1W
gmalcher1c,jratcliff1c@google.com,$2a$04$avVAQWfKFqqS6KN47oZMcO5qwK3VWl.YtH241mNfz2Iz5KtxuQpki
wlebrom1d,jdemattia1d@psu.edu,$2a$04$r5d7600BQA722Sw/udpIhu2je2Xb6U4VqmKrTkGFi/8tvIMZSPozG
baartsen1e,gwilloughby1e@yelp.com,$2a$04$Y0K4/hlcFCe6IRLH08AFMujGa9czxChK9lFXw2OHvy7gV/3Dn1JNe
abergeau1f,mroth1f@51.la,$2a$04$xuC/xkgNrmvoDVFfMNup8uOZyx18Wa0MoLfmks3zSLH1CQB1EZA8O
asheffield1g,cmacalpin1g@slate.com,$2a$04$zGxX4/YwDHNf7jhnhGgDr.7ufMegnAI9hBClpUc0KbYEnv5c2GibW
dosharkey1h,lcantrill1h@stanford.edu,$2a$04$vkpSjMVERp1BoRzJgbaCgOP/Ok3sBU5d.m4zrtT3f3B4B3.UGTVWm
datwool1i,bbeattie1i@nih.gov,$2a$04$6O2lfYUvi7ZCOPxLSaWt5eTgi9L/P7D2qai/x.htFYJbgO6VFbto2
bizzett1j,svear1j@ucoz.ru,$2a$04$PKUKsTRCAHGmGTuvoqFqUe0PHrdJm2Hy250a9qkOOlE.ctHDQVZbq
fjurisic1k,ctrounce1k@phoca.cz,$2a$04$.U0d7HMVpJSu.pIGTLnApuEhNxJ7xEgaKn16EzzUJQrz3BDfurG2O
cprover1l,kautrie1l@domainmarket.com,$2a$04$jNiumK1AN7208euX6jFNuO54MpeBpMb1GHlPTtT..8pq9GaoBx7Fy
rsibbe1m,gdundon1m@over-blog.com,$2a$04$hti3gG/ggw8BqdNVVQVh9ewnbh9TP9VpxQqLJPG.r8lDa270apLh2
rterzo1n,candreichik1n@youtu.be,$2a$04$W4jwzkNyE6lXKw/u9zLMEukjSK7adaxu2Oah6koZV1KEXH4YQzSn2
isacco1o,fchattoe1o@icio.us,$2a$04$iiaYyV5WAQPFvSQnOL3o5.jxScJewTlEVVi3vpGyon4dyHrvZEd4u
ctredwell1p,hpawlick1p@eventbrite.com,$2a$04$u8mI8RcuBuuRZbyrMn/IZ.tUxN71tOuKU7d8OccYSGLYifv/hwE9a
bmelton1q,wgromley1q@opera.com,$2a$04$156JlsFWTHT5QbCTHbMlxu9fuxuVvGOnMiH.9it6dymmEM1G0e/PW
jhargraves1r,ktolson1r@bbc.co.uk,$2a$04$oWb.s2qo2HQUa1iWMn2ctOQAbrup/0GsvBQEb3UdZQeXDUNHf18qi
snormanell1s,lcolnet1s@bigcartel.com,$2a$04$5Pr6tW576oh3Ryz/kz3Qj.j3c9sKBH3HIqWZHiQw7OkPqjYVUyiaW
pbeeston1t,morneles1t@homestead.com,$2a$04$K3ntStngO6Sog3euw1A09.9e7M0.6tTs2eVgrSIleFghSpNN6YXRu
jdunbabin1u,avenus1u@parallels.com,$2a$04$t/AuTDujoR/PFR3Dy0gD9OUJydhk/bw3xdWl9zsg57EtTew98895W
nfarrimond1v,rhaxley1v@comcast.net,$2a$04$hl40Jcda8o9ztLHtVkvjPu2yG7V6CjLgxsuNCBbOhxxx.wE8vAOAG
zgoullee1w,stertre1w@columbia.edu,$2a$04$CZeVWmX0DizhlQr8UpltW.uVZvhrk32nzvS1hTfTEwggps6i.XIca
rmildner1x,pdougary1x@t-online.de,$2a$04$Bg7tyzlJHdqo7KHyFv07puWrWVc5GLQec8GyhJLhc6VEpXT1pI/Fq
csallenger1y,scregin1y@cam.ac.uk,$2a$04$CHVmNOn7L6J8k1SNG7RdpuUAG7ISHkNyBgTtKqi1R.cRO6E/lgJpC
ucutforth1z,elongforth1z@liveinternet.ru,$2a$04$14Zq0gAthFpAT9cHh27Z8OjRksp6oioXyuXNK79CHLd2do0XQ5Phq
trushbrook20,epullen20@i2i.jp,$2a$04$8r7lxtds3k1O0wzE1JXp0utaJvSrFD7ze6NDXl9wEfMrv6xZE5yWC
ycrunkhorn21,gramelot21@github.com,$2a$04$oaiFZyRqXZLPYkPjPnYzvef13INTH3V8Hv4wrS/VOqr.l6xmqYfOa
olanphier22,gbownas22@sciencedirect.com,$2a$04$UU5eQqnY3w39dFcWKg8.4.dwXvIu3Tww9MAQG0.../heYnUx7gKj2
adunabie23,acockerham23@cargocollective.com,$2a$04$QEOTk0yND.Mo1OFnv/amYeNJteBkeQIi.G7NqcwnpYvFzofqZWRE6
wfranchioni24,seaton24@thetimes.co.uk,$2a$04$JRjimAOMSEdVhp65XhW8oOVlb0FTV6SDxkXdU3Fzxo0iBUSPvu3wa
bhardison25,gveltmann25@shop-pro.jp,$2a$04$L5MMW82YXsAO9PAeAyfiKO6GmM5F0z88VYOFT8.GGVpFa8ALNUWD.
adesbrow26,mfockes26@mlb.com,$2a$04$mjmKa.d3avtdP20a0ZxkQeCkt9xlOwVnF4kqjsBMAHw8yTUMCRN7O
ahollingsby27,igarralts27@cam.ac.uk,$2a$04$PIjvfA6gHuN6PQGBbILnk.PwAZQ1ISrTXlIqcr/1vLuU8qh.8wvty
ddecastelain28,estroban28@home.pl,$2a$04$lr/xnrQNTmtRMSHAIj9epufGqH7pQ8UyYU758f57QcKhEnN9ZB0Oe
lwedlake29,keldred29@1688.com,$2a$04$eiTqhj6B2DgSD1sVYzRzheiu13LKG216zedkhyObu0GVdQJEbeNTC
gmapston2a,ggallaher2a@walmart.com,$2a$04$Gq0mfKt8GNp8TW35d5/dY.seNhlv4ew4/EtM.mrjvCDuzSsouSMAO
azamora2b,gcecil2b@sciencedaily.com,$2a$04$5jPJo/epviR.faG1V2IU9OHo497zjfHWlUqyYlDIMSTwZuiTIx7C6
cmarusik2c,rstopforth2c@phpbb.com,$2a$04$Ue5buMSSTYb0Ubl183RFWOtWDP/DZxA57gRaFvROOgfIkY47ucS2.
bdonaldson2d,sridley2d@gov.uk,$2a$04$1MiKoP6poKp89XUfpqL6weDq.YYvGUKRgIbc74jCFtCZMpg/QFPZ2
gbaruch2e,rvasyuchov2e@amazon.com,$2a$04$egybcvK8EAVZ.YueA1FKYuQkNfs1IYWgwXCQF6lOWyYEf6S5YY.bC
tconeau2f,kmacphaden2f@chron.com,$2a$04$5m.U6FXl5Tly2nCV3PTlp.1NbytjCuEerrOs22.pAYLIlSqxwg1Hu
jdoody2g,ldanaher2g@wordpress.com,$2a$04$S3QhKFIX64AvsZ0h4n/OveTFTpGUumuI.RY3fPg1j5vOSVFB5qPUC
elydiatt2h,ctheakston2h@over-blog.com,$2a$04$tsSmya8eMApevzY4OuveTummCoDlWTwcRE7N8SMWLouipma0R606G
pcircuit2i,hcaberas2i@chronoengine.com,$2a$04$FPkxKlqy/kV1c4RX5yJyLOG8XKE4F7a3e0whePAg/KOQKZR4LHj4W
mdoylend2j,kmorter2j@merriam-webster.com,$2a$04$CSb2rMnTbdaLVErKffVSI.5aK1v9r2l2WsEKf8S.wOd0BwS3tbY1u
dcowndley2k,sscarrisbrick2k@issuu.com,$2a$04$0uvxhgPOJNPL6ol4JVbzQOioffW6rSeXJbCSnw2gCAAQipvtKzPRq
cszymanski2l,tdonnelly2l@dyndns.org,$2a$04$IkHLR68wlSDJDVrAbHpgsuLJI7N5zVrv33CpmXLcXtlglg4rhC0tG
dhartmann2m,elismer2m@dagondesign.com,$2a$04$tk3vY7grT064Kcz6uSR94ecshQRnYLJRHJPa2/z50i5VsibQGMLAe
vsprade2n,sjakeway2n@de.vu,$2a$04$wGUeZbXDbKBdKjA7UJmBOOCmC0T8hMwc08bCu3MsEpGeHk5QTob.e
mtolley2o,fstannett2o@nsw.gov.au,$2a$04$C3hVNgjF1iaJ1s4J2hJJLuBG5KUFP8Bezjh9gfB9.Fo6Gt6SuERpa
eszymanowski2p,mspaice2p@marketwatch.com,$2a$04$hMy97ROJBsmC/d1NN7bbAOMNowVyXUjdj2I0qvd16FJVj7hFdc4uu
astratiff2q,kvolett2q@umn.edu,$2a$04$SfAz2c.T8eGsdMW6EvoAdOXvTpubPKQs2t7Agd5XL.DcX7hNKgOLK
wblogg2r,fpinnington2r@answers.com,$2a$04$syoSwHGrWb/zQRxgdSozwO46RgagWnnJOVViRUngm8FZ/thP6lRW2
rembury2s,hhitzschke2s@dailymotion.com,$2a$04$bubAAbDTmf9z3/Xr/z5ILeVCNAKwyzz5vS9O5SO7buXOOe.rf7Mt6
ahowman2t,acrockford2t@gravatar.com,$2a$04$XrlBoUf80nIcCdZsrb2SCeLF6bcNaXcT7Ggkdr7ooiddzbzHdkGu.
mcastanone2u,tpridham2u@acquirethisname.com,$2a$04$Uo0PjWuTnT.Y.iiaYTpflO9at2TOgS2eoLbV7b1UkZl7ULNrOrGhy
ddowzell2v,bknivett2v@jigsy.com,$2a$04$D4iwlRb8Qr9CiBCmxy6V1.oxzgnS5jr.5yvemHVCIB/qDXJk4HybG
lshevlan2w,jhuntriss2w@irs.gov,$2a$04$1pxJweGlMZVrHrd3uU5K.OhMpMUIFcbL7/s6mpttKaw/r7ggxI9ai
tosheerin2x,jsowle2x@ca.gov,$2a$04$.OebzW5mbVKPA3v3BEjOVO372amOnkZHShwiAIlEHrKnGHZpcfJdO
tdangeli2y,lwillingham2y@toplist.cz,$2a$04$5EGKrj9a9YAXS/hNyAT4jOMVyeiCxu0Ksjm93wEfVwNNjtZeKUcym
dmills2z,iboggon2z@usatoday.com,$2a$04$n//FasZAgbKD3jANOQQs1On4hwd/8MCT9aoDsQCcxjYIrTo7BHSiK
dlombard30,epatty30@cam.ac.uk,$2a$04$TOwjCP7ZXumamBXyG4JCA.dGKxZqeu1FX9UM0f3oeM//fnWvXz1uK
sburwell31,bgillitt31@amazon.co.jp,$2a$04$MAFBSJ5EsoFKTVmi5DjkyujUqp3BI3nkxkn4Z1fN49/6H11Nj0l/O
arawnsley32,cdigwood32@about.me,$2a$04$a7ibxGInGuOXy4/XvJ8Cg.oxYtRv..BVQ4nXmEGNj22RYGaAsxbh2
dkardosstowe33,rtocque33@yahoo.co.jp,$2a$04$xOOqDymnX9iRAxcKIevDnOtx.bOi1sOJHL9rTvrbqRnZqjPzXHSs.
lkhrishtafovich34,obampton34@discovery.com,$2a$04$LzurwMY5w.DBCOspF6rVQulL9jlIltubDjKz9CZybyWpEJwpiOwG6
pkemmons35,eemilien35@ucla.edu,$2a$04$6WvLjyI5UoVK.k0L3oLkDuvsNyFm.ekjftxlJ2/wv7yy3Prxg/l/q
cohaire36,renderle36@webnode.com,$2a$04$xD4KqvOHpdkmkVIVY3aMzelBQnbVb7cEV8U97/RUNvFB1v/FAupnO
wpackham37,lgirvan37@biglobe.ne.jp,$2a$04$MAkJ5CPryEE2khOk29kAo.m/Z88CbTihrXDpRV4974nurZfHs2rx2
cmacfarlane38,epancoast38@abc.net.au,$2a$04$RryFHd7aB5nFTcJhmnpaSumTAnd7Ie21fK02AYY10g2DZJ07kxas.
durlich39,cyankin39@indiegogo.com,$2a$04$KL4Tm3g7gLUPly5TgeRSnOJkGKoyFbo6vt/QlNT2TYd8PyljIpGK6
fgallafant3a,aroebuck3a@yolasite.com,$2a$04$Kf2OhDd2z9vIRMq.NNwabeNffGlv1H1Qe4046MmiM/c18VipM7jRu
skirkman3b,rlambrick3b@delicious.com,$2a$04$fFkzUAqpuZdon2AKJSb5ne.DnxrobqmcLvTTQJC/XfrQ/yHCPSbda
awhitwham3c,hdrewell3c@deliciousdays.com,$2a$04$Isb84Io/ZtHqv0oW/1hac.jcaIqqk/J4iAzMm82IaZC7BNp/EWjkq
aveivers3d,lbonhan3d@dyndns.org,$2a$04$GxH1mCOO.yAEKaJNwi1B..AZkOTMpJJa.7HreIhTCDahWztZv5kuG
bzannotti3e,tcadge3e@phoca.cz,$2a$04$6X6mosF1vmwSQhDXMNsxHuTTNsCNB6ZRzbY0h5k7nFCelcJlJtO7i
gthurston3f,smcilrath3f@drupal.org,$2a$04$hIekNyf/2sk0TbaGp5D.K.bbNz4R4sdvYBMLO7AzVXPMw4mpxQ6Q2
psteptowe3g,tthibodeaux3g@google.co.uk,$2a$04$dE5o6NLyyaqCrSa2XkIl4eij98sjBHg/vXDpck2gR3Kh7F8CUXi7m
sneillans3h,abeetlestone3h@issuu.com,$2a$04$ipnG5J/MuWY4HLXknzaA6Oh1KgmWB8jyA3xOvok8UUkq9svA4ccbC
bbriar3i,dsaipy3i@slideshare.net,$2a$04$5D55cRb06Pz.kjWAehIeG.sTUkKq1YSHi91OrP79IefJT1XFdPCQ6
aivashnikov3j,vciementini3j@ted.com,$2a$04$L4FIQ.ZAh6v/aR.VlN1hquCQC/D/TDQVOxh/NsgfdklzhJ9b15hMm
ecawsby3k,pleblanc3k@sphinn.com,$2a$04$mFfo7vB2d7lEbPHs92zhEOYBNl/N7BeyoOaJatYDihRPvHzPeRUPG
apiell3l,rworgan3l@samsung.com,$2a$04$seYYacL.a6iqnWbq5PQWQOjyjN0HXBMf/PWn/0O7bUY.S62y0Gmcy
sbarmby3m,dslimmon3m@redcross.org,$2a$04$/knU1.DOKR.5tWg1kbu4peFCP0qGTXULSsUmbpPUQJwnVJEjM8usG
alecount3n,dvamplers3n@webmd.com,$2a$04$rz64xHUNfTZidVXgdPK3s./25SlfznTAUlnmfgKBkVd0AZejFUffy
vsharma3o,efigura3o@people.com.cn,$2a$04$ynOJxdLrJNzcbQz.HErSV.m3MjYgZnz9o0o8PUHRTvRWl/aRELMDm
sadamek3p,ebarks3p@comcast.net,$2a$04$NDj/Z1Ydq7w5TduZfNLL5.5ScB3yr8eHv8/yvINtDE0gZnRICo9ky
cgrimsey3q,tmeadus3q@yandex.ru,$2a$04$VGKriJq6ItpmjaDLsNrXB.74czdCVaanDeonaaFoV53tpAev8aUY2
aaxe3r,dgabbidon3r@squidoo.com,$2a$04$0nJJ8F8Zu3kpgNohjXtzl.PsqBllbHlmYQ0NGwlP7LtwUqQ4gu3Dy
tdaggett3s,ldanshin3s@vk.com,$2a$04$I.D/0OZDI4cxDBsh3bemse/V3fPsbyTuWWpfGHxDaA.fDmAxKdRS2
calder3t,cbraycotton3t@google.es,$2a$04$UneTYmcKbAVe00XSMnLW.eMZfuvxt0A3pXxNxM9HlpPFbTFM2TaBq
ljoynson3u,sfranzonetti3u@google.com,$2a$04$LDl9Mjmrh0EwwgfUSCrrVuxwQHjrEAesGujfQ/5WdMMLWY392XiZ.
edonovan3v,cbassett3v@parallels.com,$2a$04$vRZV2gb6tAJlYeRpwAs20OFsf98T.os3.LUQUutxsZfQAxAcXrIzW
janear3w,jbourley3w@bbc.co.uk,$2a$04$GMwLRuahfAHH39TovjosVuQ1ls/n3lRba4d1JvcTz.VGZJq8M2KTK
rtriggel3x,sramet3x@china.com.cn,$2a$04$CiHGWBMVH7K6z1C0CRisl.C9qAA5RdrK6UUOoeL7Jl77OURmkdYtG
akhotler3y,cgronw3y@msn.com,$2a$04$s5K7MEi52zHGPIZyQrJFyO9uny/iMhB2tUXTzcn19RndpEci2y3Em
cweddeburn3z,kchallin3z@live.com,$2a$04$OLQPDbUjNEllTO9iIFCcz.h1Bq0A1BnsVmiQpyAjRNShk0/LLE9CO
ngoodinson40,kbeveredge40@issuu.com,$2a$04$dl26c/gxvFMv0JY7w3nFseT1WnnwKi84fgs9Mpy3hLZljQVSy/JHa
bpudsey41,dfoxwell41@about.com,$2a$04$UNzN6uAW5A1ZXecA1/fB7.76D6kc5ohgwTxIV2F48Wo.q9bmLVOZO
bmcfetridge42,cphair42@dion.ne.jp,$2a$04$S0zegfNBhqCSGZ45fdiUmOBItK75bs6HVW14SVeYbVDnsNPHZbCUa
dbramsen43,epigny43@shop-pro.jp,$2a$04$siXeAtYMlxpL.i.MH4bgYe3xEJLNWhcih0ca0wayFfq/E7c07GAb2
cdeeble44,mmaryott44@so-net.ne.jp,$2a$04$FNzoeKL56wuf17vzEnOTAOaFpqgiixQR85P/./m3IGloxZ2t8d/2.
fmalden45,awheater45@dropbox.com,$2a$04$bLx91kU6/mCmkwoTcnwlguy53sh8xTxCOUbB1qkjsn/v92ozVBgla
vsugars46,sbode46@chronoengine.com,$2a$04$fbXUs9KMiqYz8gfUiRNMb.uDCtrRe8I2FXD2xiY6l6tAywhVN2c9W
gbelfrage47,scohen47@t-online.de,$2a$04$SNVhwXX5sdwNEuQzjsgQEOSQ0ugcT2KEaUAo8cMqNZIQc.q1kIwWS
codowne48,dcadlock48@mapy.cz,$2a$04$Z2eJpzWLH3MlS82k/weKDOcvHGCYq./uLxccu4uswsTAn0d2Vaz/6
abrafield49,kgleave49@economist.com,$2a$04$4w6k5CuYn258haKhv.Y1tuW65jOmdKbvQObtSxj46bRjFhqJ9CL2O
rdeinhard4a,mcorrett4a@google.co.uk,$2a$04$lYEltiZk9iwsKz.T2nX5MOHKxZyunyyR9k4HG0O.HW5DhR795WQGG
rotham4b,rmckune4b@taobao.com,$2a$04$0cR/ilHAmtYaXp6PAhEFk.xAdinkwFCBavbLDz4LeG0vtUKYP4e3u
pmacknockiter4c,mflorez4c@nyu.edu,$2a$04$xLFg6AZac0863oMULWCi4OAGPzozQD.JwO45Lx8.XNeuqH5Y42u9.
mheintzsch4d,hmessruther4d@state.gov,$2a$04$Q6.NlOTRyPGSY95xE5/L3OnPV8/iJKDPyMAeYHq9lp1OvWS3/8PTC
ccleef4e,celliot4e@photobucket.com,$2a$04$OmYiMXf.k77C0yH9dSCiEOprZfKeGBNAC5C1LbB19LYtfXmlg820K
bbiesterfeld4f,bgoodlip4f@dailymail.co.uk,$2a$04$a.tPIMRBhYJYLL/2EtjvUOM1MYfQL5VaZ0ahApyvoAz2fsdzoW/QG
rwitch4g,rabbate4g@prnewswire.com,$2a$04$QwEmfKlyrv162Riy3/ePze6vHhHtoPwhtfAuynRWvwmrWMe0sJmcW
idumsday4h,ecicchinelli4h@usatoday.com,$2a$04$s3tvztfT6q.1uQ751JquMO9Bi/oiMiWzII4drF2vcOODOOWtda.Ii
msotworth4i,ffermor4i@behance.net,$2a$04$F5kTL6Y0M5eLrriG1f1EfuPSPH95YIoXgoPjse9rjlMoYXoO96gL2
wbultitude4j,fnormanvell4j@indiatimes.com,$2a$04$p97R7y2F7U8E1MdGT5Kh4u8lQ3Em4eXRYx2qU.Cxo1G/Dv03IKKBm
lcomolli4k,mdumbrall4k@amazon.de,$2a$04$5nt5CcYkxPRdd7/v4n1pHOfB7PXmxZWqtRykIxEgjWPLsqP4wcxDK
coats4l,selvish4l@icio.us,$2a$04$sCdVoFJg1Il1SXnZpLOPIePXUjpq5t2X2gwLT3rehnmxNU/VnAXV2
jpratton4m,fpadginton4m@goo.gl,$2a$04$VAr97DXH.U9LNQXLRu7T2ubAiRzH7nOv0D8yF9F1nww6ZPO09JBd6
tmackessock4n,jrosbrough4n@cocolog-nifty.com,$2a$04$NjmjdXLzCMKF/Lu9pS1gCeYPCK/DYdMUp4QRnA1LqDNOvAhOgaBcC
rnewcom4o,iwalton4o@yale.edu,$2a$04$dBOkhQqo3y0GTzHFtt9ID.FUbGFxXBtxvonAMv9KFaLU7cxS3OoU.
aabilowitz4p,lyounglove4p@admin.ch,$2a$04$4dRBjZIonoICcb6VrITgP.NoGGAcC47JtMaHGTZO8r0zny09lUrGu
aburwin4q,jnott4q@technorati.com,$2a$04$dCuViyQV.VzFmtwJsdfTkOB.0YJjz2zVh5SI/1AiiqGQD/KVqSQnq
agoolden4r,ekewzick4r@technorati.com,$2a$04$cWBVCSaxs/VI0Y2lvRohXewi.LvDUtb60elI3/0AFDDzQ9RVVpIQG
nboram4s,nmcnevin4s@prweb.com,$2a$04$1K45ERahUfRkBVYmukN1DeVzNAoabIv.zqFkvlVkuXH4G2lD63X7S
igreveson4t,rmish4t@godaddy.com,$2a$04$vzTlAEp3I6aXmU3O/DuI1.F49tFhQUt0cu/BSsaWP1lZ/fPtpru06
bkulvear4u,kvampouille4u@theguardian.com,$2a$04$EymHR2YA0cclwYsUZlzLGemAAeEqUTTEfrv4g9uvLkl/jAJGe7xV6
kcuesta4v,zkinnett4v@twitter.com,$2a$04$uoINeg2MDosN2zjxujA5puGQ8tPqiQOrs30mdSl7hI0inQQnI35..
kcrowley4w,clanphier4w@amazon.co.uk,$2a$04$ApJR0onvzlPSt5ZJIvNfY.r1ei4T3tuiFQhSKntRBMp8OzrMyCnSi
gtabard4x,mradborne4x@ebay.com,$2a$04$L5.BRtMZ.ed1d68PtgXaDO40Hm86Vwxn1ibfRxTmZq1m2FkHcCPky
ijudkins4y,sfassman4y@creativecommons.org,$2a$04$D9N.WlaHrlVHZCfcEmTMTOTK.Zrx4yQMBbYUPD7HY30uQ4zCyhvbC
hjuorio4z,dmcevilly4z@examiner.com,$2a$04$ddiqJfu/en2YXr2oQn7n..5XuXGw88K.m.Sydij2pTy2HUVDFwaOm
nivashnyov50,tlutwidge50@list-manage.com,$2a$04$ayRQSOQqOOFj44NNg6Vk1eHRU9SCxYmh39AIWYmZyCH6FPpEa0DUK
bdeerness51,ssmead51@biblegateway.com,$2a$04$EyaFOog9EB4xEChv/3Vn4.eOGkBglQ3LI87PVkRUa70tmEEXgdu2q
mjonathon52,graisbeck52@vk.com,$2a$04$ZZFbnh4W5.eOpkUSF31ZQec4/.lqzHICsAapDJS.7Vx1dSZdQjouS
pfarthing53,hsmalman53@creativecommons.org,$2a$04$./EmJgRhhHzMyRM7otV04uZmxb7KX8Q6duOS1THh9wKCOo7FnzxRW
ibrownbridge54,czaniolo54@biblegateway.com,$2a$04$Aw7AHxJSX/9l7lIRSK.XN.XyPP6bp7kofEtWLtlrw2ZahD3vxvL4K
ptrelease55,tfurminger55@4shared.com,$2a$04$kgfYq2i8RXjLJS8vSoyT0Ophdrg.hHGcxKBvneJLC0fIsYx2gOC3S
wcreany56,skembery56@ovh.net,$2a$04$uJIbk3dzLhMLpy7yjBWrY.zTwn1ZHmjeRDfjjIpYwfrwhZHiUYQrO
mtargetter57,adigwood57@sohu.com,$2a$04$y8jztKY8Y3NG7NrY1l4W4.KVSk339wldbu3zPg.maqoDl48nUDH7q
jtankin58,cteissier58@arstechnica.com,$2a$04$.P7ZpQvwMV8.ZRIhnXFhqeezVb8Bo/sOwz6fCSoQ3mRlTKmh.ar5W
jaudenis59,jbecket59@woothemes.com,$2a$04$AbPQi0uOX/j56OPVN2YgUODtOpjtiuCo0Jiraw87BbQdTkZV0Z8Mu
kellor5a,jmarder5a@1und1.de,$2a$04$9wVOBRNP/mJQunSoxpDkMO1rbYlWZG/nk.FcyfylRcRRMyktPh84q
cfroggatt5b,wrudgard5b@nba.com,$2a$04$pXm4xlpSsU3hXKC3OSeOWuRCr/wAtNr8lkmiA3NE9vFRuCvQMUuli
ipitchford5c,rbafford5c@opensource.org,$2a$04$HZeRM969Mgw/TgnmlmdF/uUuu6/u6glG.7BviRe.qtWKWIN8ov3B2
fescreet5d,omerveille5d@instagram.com,$2a$04$tDgPR87e2V/hUJvw6UyrpugcVE3enJq5G6aiTlqt0IKys.koIuJ7q
cwordington5e,beichmann5e@domainmarket.com,$2a$04$eLl1TeFPkjl4zNGfG/Q15elxE4nmoIWphqiE7TAobT49wtxhUfgS2
akuhnhardt5f,dvivash5f@hp.com,$2a$04$ObVZDol79okndX3eQoD17ef7yFzaBR7BXN7KGwbF//AsA2pv9s6o.
bpetrasek5g,ghuckstepp5g@gravatar.com,$2a$04$huba8srG7z.daQWHoTeeHuSbpNopNSuaKxU1C7iAnMam.shBXrgcS
grainer5h,aferriday5h@slideshare.net,$2a$04$LFIsx9JrYLQ1Kch2qwEVPOnCBYS9Hi5p.yfZU1CPhEDiQoL0Pk/OG
tfairholme5i,vguilloton5i@usnews.com,$2a$04$mr8OWlJLGu1rWK0.B/KozuA5KrBOIyENnvA32T/97c3hjHF16PjfS
dpalley5j,thendriks5j@typepad.com,$2a$04$OnofCVC3YgoIXz7YZC5QPe/WeeOeLza.zdzo7H/U9BUGUYo0G/zfm
rbeastall5k,ccadore5k@aol.com,$2a$04$yEmtUUN95H9bRZ.RMlJk7OKT5mf3cFjqG7WfXtp3Dzte.jiiba9Vm
scargo5l,ddugood5l@stumbleupon.com,$2a$04$YMO/Rjva4oRrOcgx1tlaA.ejKJTDHo7pVyY1b5zAVR62jxC7i8X/q
bmertsching5m,ccrowcroft5m@comsenz.com,$2a$04$PgPuonRoXp601jVfaZoAc./158ufWVwPXOtzus8VtpOeG8vqii6MK
nwestfield5n,wpack5n@blinklist.com,$2a$04$I62QeX8u6dRdro.trhIWBOhUGDkyxFQFM7.BUo5m2F8skPY1KAxSO
zomeara5o,smarquiss5o@rakuten.co.jp,$2a$04$eInwKEF4yDmFc431rfg52Od2SyhsF7RN5cpdd4XOMuuC4ObHCh0cm
mgoncalo5p,tantonoczyk5p@acquirethisname.com,$2a$04$HDf4UKcWnaZaUgw8hQu34uWwKEYpYvb4db/kDhaWubz9it9/kAhBK
tlarroway5q,jginnelly5q@npr.org,$2a$04$f5w5ZX/WZMgntjWRbDvUceiDfi/OFxbFhnfBRGtbVxrwLzQ0L.FoK
dculshaw5r,mpittel5r@theguardian.com,$2a$04$exI4FaC.PlOrF8Vz5JDxU.KOpn29yuz/Z9b4LddZNqre8H91dWM1C
grilings5s,acouth5s@jiathis.com,$2a$04$Onysbpw.pnmwXdd3jSRPXOBteMPI2VTZAdOjJIAPyyJv2ebMP1cdu
lpithie5t,lrawstorne5t@ask.com,$2a$04$.A/z/x63xSt61cPlA/M5BOL7iuItXZHLEinaCAyPAR6cSHSS6MPGu
cwhiskin5u,cpiell5u@usda.gov,$2a$04$t6DHDHABs/aFj9cz9LWNz.MdHjKrg3QOkBWyQnIvrNayfvdiNPOy6
cmeineking5v,koaks5v@skype.com,$2a$04$W6huWrMJaFOevTxsZlnr7.VOIX//PN3zm5lm1vE3b2rGtDNdx/KbK
gkynge5w,rbromehed5w@businessweek.com,$2a$04$dLx/IALjychrcmjLlLHyHuH7Vnn2AuIvjl6aky/f/8i8gTAFnGbmW
zford5x,lohallihane5x@nhs.uk,$2a$04$/6psbRmENntyKvO093YOeurLgQnm2j6gknJtB7AU5wmRbJgNDL.W2
mdanihelka5y,bkenson5y@si.edu,$2a$04$rDuLabEVAdnOVJjes40mk.x1XmsT41UVZ7DbCn6Q9FDMd4lFlwWCS
bbrummell5z,cdrillingcourt5z@icq.com,$2a$04$qpy.nuwCth9AMUmI60yegOqQ6yEWok4mU6UIr/VwuJx6e3WG3TZAC
tdimitrescu60,proggeman60@blinklist.com,$2a$04$EFklz7cOeYd13RbVz/NkK.1y6.CnfbwIZio6LvrxGkZb4JPyyPljm
dgaskin61,bmangam61@qq.com,$2a$04$cZgi9DgBHObyW4EXN2TWjetFAicY.O8lVTBge8.wxLVWIMafvLuW6
bakerman62,schoppen62@sciencedirect.com,$2a$04$m0I3i/BilKTAXJasgiuL6ua.m7FkfKbN1cNY9GV9YLtHTDs15.6Z2
bpaolozzi63,droser63@umich.edu,$2a$04$IPHpWPkEzZ.6lHiLtOAuLO93pCscABIYlM6xTnY/eajsNkxTZo6t6
alegan64,cwarbys64@yahoo.co.jp,$2a$04$3hdStqjg3rymx4OPlmBdeuWJEOpnd.oBCp/762Iqp/J8.jGa2A0S2
mcosgrive65,pdanilovic65@posterous.com,$2a$04$s5cNaqCdfF1LeQJ2ZlP62Or.EgCmOI/xVVY150edvo8McyIidom8S
dclyde66,blayson66@dagondesign.com,$2a$04$aeF0oiO0O02ntmBhRkBmOeErnQ/b7jLJrMV5XQZo8PDHosI0oMp/y
tsumers67,hvondrach67@cdc.gov,$2a$04$27e9UX8/VH.vzxhH2UlECe8SVSsrrhAYma4QmTf19yL.5hiOnUBL.
aberkery68,wwilbraham68@clickbank.net,$2a$04$TH5gGHb8yfTtx0Fr8ywhpeL7A/JoIwQF31WVycd0SS6gGHY6wE0ii
ldowey69,kbezant69@ft.com,$2a$04$8MmWVisN2blk3Xn54mH9PumePyHf/X/MRjOKwvKz4BLkacDKN8DC.
dsprowell6a,bleaves6a@unicef.org,$2a$04$472pn.oGhKoUn40TJEOokuiK2LfI2ts9f5xqr7rOZwVvG2xRAB2Ta
eruddy6b,stoope6b@odnoklassniki.ru,$2a$04$wylH9Q.32IcguCY8wRFOxe89EMUjGimnI.9PlMq9t0nSV3a8fdVgG
dholmyard6c,agarton6c@drupal.org,$2a$04$LOREvTyo77aoMbj6EuNtceBUtxRUI0hCgpzMHfLdZRGtNlRRiCVIK
cfrankish6d,dvanvelden6d@cloudflare.com,$2a$04$pLQny7JYHyrTrgoehImr3uj9hWZj775cC5qWomCJLKP77sA1KIOrW
kheersma6e,jperrett6e@sciencedaily.com,$2a$04$Z3wp5VwNRr.r1CrMN8HM5e/Tw7ViJUIEBm.EoV.uij5cN1XM1zr5S
pdevonport6f,gbadgers6f@cargocollective.com,$2a$04$n0hIacRGn5o/jxQXJx8z2OfNUhdlwVfIZiZzVhc9np3O8/nJYcN0O
ascurrey6g,lduffit6g@free.fr,$2a$04$DEgG2YrY/M1ah/BEEcRb8.WntLZIdtFWwzUa1XmiPpCjA5xC0VkJS
ozorzetti6h,apidgeon6h@istockphoto.com,$2a$04$DdADRcqxLMZP5EAeXQJK1ubUZbxrWu50N.lgROOaZD08L.nJDf7Ma
hgarbutt6i,vixer6i@sun.com,$2a$04$WHiOpslhucjHJXgTO6sn8.H5AXi94uWvNULp2sWTHkwV.xhk3niZy
kwillmore6j,kmauro6j@tumblr.com,$2a$04$cbuzLRSQn4feJw66PI3EhObSW6of7E5R0XdTV/KmXDeiqLDkSdCfS
thumblestone6k,cburnard6k@fotki.com,$2a$04$CSlLC8RCZc6pfPzYMwE5w.ZDv24mjhD5PabdXdFSO7WSpvMPTQEX.
smauger6l,cmargarson6l@hao123.com,$2a$04$eIBXJk8JCYoPAubPYP1Z7usp2i6mVVOOD9ZZss5ZMosjsSJaOc8Ku
jcandelin6m,ccoppo6m@gnu.org,$2a$04$fgQf/Q5gzZXtTEWdcWK3yexh17GF1YSX/yQ2B/jPSNh9LCBOBJB5m
thartus6n,mgreneham6n@state.tx.us,$2a$04$30oOSYLXXRySZ3AFXJ2aZO5Dz6Tci9K9B5vQDLo3EhBAY2qSZrUN6
hgiffon6o,vocurrigan6o@google.com.au,$2a$04$ZzMl5WdAj1/ReLpoUvsFXOAwEM6Tz3Trx8hIveKBS1gb3VYnKwjQa
nscarsbrook6p,icathcart6p@state.gov,$2a$04$uyob0pd0G2KgxNCkfQ1JCuBfJJOBLqQ7761ywBFwrORBub1ghoG5q
adowdney6q,ggawthrop6q@cnet.com,$2a$04$Ctqe9MEXXO.IX3eOLvU96eKFiNSennbW3K5QCBi0ZwzJXYV0Mfs.q
jtregea6r,froddick6r@altervista.org,$2a$04$vbUZ2ZfIG7ZCHTSwCQ97ee8kL5r1GBaGSAPJf.yyfteMc7OXnkm4O
ageertje6s,kconklin6s@fc2.com,$2a$04$c7xYBc848Dhtk/XULNTwEOfTDpeCBNrrq/6UJRwPT25gdcrfwJb.y
strustey6t,pcoaten6t@time.com,$2a$04$mVgCYrn329OuA0CGVQrUeOn5tjdg4dX1OSrMWydga//8sZpvk1gc2
cpennacci6u,pwalewski6u@webmd.com,$2a$04$eTU6b/Twlz5986aALv29b.EtCKfqTAgi91hl/DrGGJCRJaCJ4O/nm
togles6v,rmcwilliam6v@dion.ne.jp,$2a$04$SfXTNYjVcXIxxJOdZYJU.uvUh/75fTyB6kK.8ON1fAZz8nR837YBS
aparram6w,twaskett6w@economist.com,$2a$04$y8w7nmjaxUkyy6UCAHOwNeHCIMHgecf.MKjCY0E744JbMzVtZDscO
bwhitehorn6x,fguyet6x@pen.io,$2a$04$SiY5umYWH54RR0kpoQ7Q6OjF35VUbQNgsMdkXi6Xv07ZHNdlDcFxa
rbroune6y,mludovico6y@hp.com,$2a$04$IIXX9qG139Hw/ew0u3aCwOZ3kT0fr7vSloXj8IXA2X9jBjsgdsvOi
hclose6z,ecotesford6z@clickbank.net,$2a$04$JXMB5mKfx3oshNdi6/YKVu0/GYaYz6jSl/nhwlZ91lOeMENaS7cae
tgiamelli70,mbliben70@fda.gov,$2a$04$Yi7afledtgEPPWnQu4Qi.emHZnak3dwnPKMNZiflpNMd18tDzYZJO
hbosanko71,acrack71@wired.com,$2a$04$XwMWAKHjZP.yjhybyc/FH.UVRmtXk/V6yiU7JbRbDC187FLu3nCna
ccleare72,btruswell72@theguardian.com,$2a$04$YEkA7adRgOsvqXJNhBqowOyRBBGfeMF./x7CopzR/dvJCl0IpBMfW
msyddall73,rbarns73@soundcloud.com,$2a$04$nsyTEWyOkXa6TwMQkYxz9ebo1kYEjL/qL6ssmptOIzQFYg4xtR29i
cmohammad74,roakden74@hatena.ne.jp,$2a$04$0gKOToBX.Lbm2drl16BCuuyXJ482u2NPa45/PzlCMZCiuvz5W1F/2
mjupe75,bmence75@github.com,$2a$04$ZBEHW6Ir/MBMxYFHKigFuuK71.KZqoBPajdcCalVPT0RQlmTbqjAW
abrandom76,asheldrake76@tinypic.com,$2a$04$CKuCIsQTC7N9rDz6qMsUnu/C3n0IOjV8PghWYuKvMMSm3.ZyAAOIG
rwisker77,mfeasby77@sphinn.com,$2a$04$c8DWxyYM7kWQcpCQM5dOheXdo9brz5d2iM39BA4NSibk.KHgY7bhS
kduke78,ckassel78@weibo.com,$2a$04$Gwnxvu4WSrqCy.rCnCG3qu901J.BqcnWFwpmHjlGGz1XS9VK54SJG
cforce79,acowdrey79@vimeo.com,$2a$04$8NIUZKz/YKC85K15ZD640.Ww4ogeAPm2swoNut1WsgT7UlpsqmkA6
rboughton7a,tbailles7a@imageshack.us,$2a$04$thP4RQ6NG/xu9dicVMg8cuUTQTPZb6s8r./B71KTC9JFbtdqGUcAm
ylibbis7b,jgrice7b@oakley.com,$2a$04$v9IMX1YWJmrBGcn.qhNCUeJBcjhK2xgsKZJoXFZyra7cKbV5pZ4zW
deggar7c,flosbie7c@arstechnica.com,$2a$04$hbFbfyBvc1BJtwYF3IyvLOrkVbvwK4Zlk2Wwn2cCAIrHIvC/E0H8i
msign7d,bcambden7d@wufoo.com,$2a$04$O7BQQWrVWbJxORvlVIk9euebd1sUk5STjHkQPwAJvB0cx9zdU7f7K
fspeller7e,tithell7e@techcrunch.com,$2a$04$Zk7eBiK5JIkjnWsFLx8pUuPi3qNFFlNoIFClES42/RL/5owwaYWVq
ngoathrop7f,rjanoch7f@apple.com,$2a$04$yBZWVaUo/q0f1.OtNgc7x.RssnBBUyih7TzqwufkWijxFFNJY0Bu2
kshearston7g,vwillcot7g@hugedomains.com,$2a$04$bk.XNbyCiIW/fgD5fNTPs.XJyhBL/TXmOtSvWDDSIzr5nMSTrplXG
ctapply7h,garens7h@plala.or.jp,$2a$04$DsPZD97MMLQAdve/XdCv4e22vZjC0Uc6sunlUblg1oPc9PElfuFJ6
jdrummond7i,btwinborne7i@twitpic.com,$2a$04$bU5iT8agB9KC42sh90vtCu5DxE4vf9DTQwr014eS.CDDuUwFXiCBu
awebster7j,ablaycock7j@prnewswire.com,$2a$04$m8FN3mpceKCbxPo1D4EgteoydZfcEPFJ.lJ9a5ZZ681o6TuUeHI9W
lcapell7k,awallett7k@state.gov,$2a$04$tspe8coyq/3COZnou.haHOomWtJhuRkKCCdp5HjHUUZABgIyNKqBW
ddoorey7l,gdennant7l@plala.or.jp,$2a$04$8Tz/HUluevHQ8Ioq7rDYUe3Ie8/RshcJlywupSmuRL6mpKouGJpLK
hcrompton7m,maizlewood7m@goo.gl,$2a$04$fC/OpztPauzKRBFnJsThpeKVr92mFcmyDRwutMQBu8qYbtcxeur.K
tspoole7n,qshilleto7n@cbslocal.com,$2a$04$iYAa6bx4lrDoPC7Cfl9ndeQazUeldLz1s8daHmazc03oMAs6Yl6tm
fboldock7o,dmurby7o@umich.edu,$2a$04$O1TRtpxH7Xh74vKuU40bsOF4Xb0dYN9h7LqziDYI2K31jYSVPnzlS
makett7p,tpurseglove7p@paginegialle.it,$2a$04$CVZFh1PvNzn1ctJF9B3xp.Liu/2dNsOFKZhbkiCqDu.Zp.lBiwddq
kfurnival7q,sburchett7q@rediff.com,$2a$04$D3KCFF3j0Qb.RVx6Uce8keRqR9vJGbw9BVVJi6H1/Pvx3gznFJg7u
goutibridge7r,bbuzek7r@wikia.com,$2a$04$OaGacPIYSggKTTHMyDBV0eHPgjMXPHOLSiiRhp6w6gCPt5cSNDMR6
lkeenleyside7s,ritzik7s@lulu.com,$2a$04$sHDvSJORR2W/Ff4jcjMn9.8QVTc3ySQPo9/6ompfzOTJ7Z/mvVeMi
churndall7t,npassey7t@army.mil,$2a$04$O7LP6LHbVx20SuANYV40HeTJ5ad2XN5BG7eaEKe72LwEDXMh1lKWu
ahaldenby7u,pwrotchford7u@ebay.co.uk,$2a$04$C08g0Oq83WO6jF/c7TAh9eK/StsE/vqE72h0JX6VSJ8Hr1J16tMIG
alinzee7v,rcunnah7v@google.es,$2a$04$KKi7yieatdRnF0DYOZ6rTeJlOPq06nSP9kz3CNyCv97oNF6S/XDmy
dnorthey7w,bmoscone7w@hc360.com,$2a$04$EW/Q7s68DCkoQrDnWCmbeu9dShCDHLLPboNPA7ZXB3oMJ/HDjSfdm
kstenet7x,hkilleley7x@mac.com,$2a$04$im4LpE7vf87hTLRcVuNyjO9dUewEE9zGYFqlWHDNK1KTjl2SeS0nS
nclout7y,jcaren7y@deviantart.com,$2a$04$9CsYUxA9qh8Dyba9Acz0..xQavUC6TswZ0xe3L9L3A49LlK6RH8ES
cchadburn7z,csawbridge7z@com.com,$2a$04$Xkb2xRXGTABSc6N/B0T.quKsibjThDJ.C/2xhfgIQZn6mzZIxoRgG
cbrandenberg80,ispark80@miibeian.gov.cn,$2a$04$nfRQ0iuAG/bgOafpSq8vVu4Xl.2DRkTcAjxvcGTcWN3/EN1Q7gj0a
smustoo81,tokenden81@abc.net.au,$2a$04$q.84o8ufgqhttXD4noGTy.8iihkh73E81x/PajLNMdUlfus2E637u
bbomb82,rbalog82@telegraph.co.uk,$2a$04$RUWrl4m0ETZxRb.rJ8h2Wud7K0LekUXvRoAT.65Yo5p4yuU5nbKrG
jillwell83,dmatschke83@sfgate.com,$2a$04$0fHoUA9GskgPDBHPXIZjr.Er/FnzYOCwyqeEBxE/hfYTQZKg606Ny
rvongladbach84,mferrero84@jigsy.com,$2a$04$zt00hLkrvm4TSdwmO8/ooOePrjuf8U/H9qt6xCUQmiKAyXOH6ilje
rfernier85,bmartin85@ucoz.com,$2a$04$FALgPXOq0psAwsUIq5CkhuwIxd8JnHFAIVYaDkqdBxRipio4FuXPe
lrattry86,dhardbattle86@prweb.com,$2a$04$dZf/9vKu/xUMorKtjfb3X.SrbH01hRGbkRnIfqAqyU4Am40rcceMa
lexelby87,rlaverack87@yandex.ru,$2a$04$WkeasEykJgAnlqJ/WkyPiuxBcXjQXqHWrHZZnt3m7FLG1RStDskOu
opaxton88,nferrara88@sciencedaily.com,$2a$04$.zLSCGo4PqXOF51kpSSuCOtPFytbnlFHd8C.zr2XbgP2tVsJmei7O
vgyorgy89,mwhysall89@washington.edu,$2a$04$e.0oR8r7zr/muNuI84aIEuQmxf/S1RnU7uLUcRZGjpADu1vgDsvpW
lboxhill8a,pgibbs8a@sakura.ne.jp,$2a$04$AFpArRt0gp.u9TiT0MW1BOFqKYqbXNzISVdddV.CC9/Bir601K93m
lelverston8b,spoff8b@de.vu,$2a$04$9s7b1cyReX2b43ecpMT1jOk/10iMUxQ.f95KA5Av4nDHFWhjS2pr2
fburrow8c,focarran8c@baidu.com,$2a$04$vGvGIf7dfI5ucHIuv9XRpecK/GA/apOVkTVafhosy3zfpIqzneHl.
hfaircley8d,mkrojn8d@elpais.com,$2a$04$2b0DX/ZLQkoig3tYp1PN9eCUlWiBlhexpmp7/XyQxhilTW4dv/N46
bvallow8e,mfanshaw8e@miitbeian.gov.cn,$2a$04$2PoL1b9/sBbvNZ/yEv7GhOwWSi41OtUycCSDxC.TCnyGviDCL7..G
csaltwell8f,bsnartt8f@51.la,$2a$04$5Rcspv.4dIkkjJ5iSirgG.WH58W.9upQYwK870o5IfMHS0TScWvt6
eleat8g,cschops8g@va.gov,$2a$04$J55ByHxRacKdvZyV9uYxOOZ0UzN8.uog3wi6EnvtXqKy6aBPE6M5C
fbertie8h,jpeebles8h@foxnews.com,$2a$04$0Q2bLS/QNKXBsb1G7bKGqehHQWScXQiZI0o1ZVZKkZ3UqbldFqjHu
mhollyman8i,srawling8i@bloglines.com,$2a$04$8PsGLeaH5QCs2kxjTwAbUemTEBKVB5AXsd8U4ZZiWv8/u7Dv3v1i2
aharrinson8j,nmarston8j@virginia.edu,$2a$04$p8A4uF06bnuTaV34GARx4OCh3qPmi5EKRTby5wRoFm92594wjO./G
jlinsey8k,dnorthage8k@geocities.com,$2a$04$fWfoVlfAMd3oNi5mubZEo.n6K1/gJ9XTQ7mX3Ogko3KJ8GIsUiOMu
bfanthome8l,lmorrott8l@mail.ru,$2a$04$t.PnC5w1mq4Y/1kFRo3wSOgibMtcJySIdjxeNi7QFMPesSTNbzYBC
adunphie8m,elangelaan8m@hp.com,$2a$04$6cSybfL9YE9SW5hkylcWremXgbvORTI6oBc6POb1sYcR14yOS1Yd2
dashbrook8n,gaxby8n@blogtalkradio.com,$2a$04$qWMINxbwilhlSlOX4Ed6LedzlT9aadFd3esJjWJofh.Q6AHLmQnfq
faloigi8o,clivezley8o@sfgate.com,$2a$04$3h42Tv6Swka4cotCPnkQwOH.8l/kqOhcVjzGfmEeU9rm6kanPQj0C
acharsley8p,magron8p@4shared.com,$2a$04$X3R8bHlu1UjUlX58yJkMMuO7S.el9Bwh9vpo7/Yx7U/MqCuyniTBq
gmuscat8q,wnassy8q@adobe.com,$2a$04$q5FOs7tEoBi/O7KZZ2BkIufsEp/upviZ5SN2g8Sx44FGXt52pKs2m
pdacks8r,aironside8r@gmpg.org,$2a$04$O0KKex8N24S4zHjPq7poTOaVc4le3qnUWyuCSVQAp7OLTaCDVMZ0a
ksayes8s,ldelasci8s@rambler.ru,$2a$04$VzU8Lgq7G/PQplgke3M3j.Rwj6tEOEriNJrv/tDr/./.jaz5K99AS
yduigan8t,kellacombe8t@webeden.co.uk,$2a$04$DF2YX/8rj9dbx/YCjxYqFOnq5ihGNn8AbN2LJAQeLkgRyh22tjjQi
dcaps8u,nbreinl8u@arstechnica.com,$2a$04$II8mkjZD24M9r/dmnptmMeSZMIGaQL2JAb43VCAIXB3Im0VbjC4ue
fkornes8v,bsibyllina8v@blogger.com,$2a$04$beUSbASyW2WC3YfE32Sne.KRSvFVc5EH5g52y2f43QxIncev4qAaK
rprobetts8w,abarks8w@typepad.com,$2a$04$d1sjm1b75NwkEGj4qPwU3e2j5.1zPzYhJMlaGlqpLxd2wBXzHtbQe
sgouldbourn8x,ljinda8x@tinypic.com,$2a$04$mQmRwiirUGP1pqKCI0yN1OpfZFO5L8DNRcIF.mB5K0JasiIJA2wm6
lenden8y,imcgarrity8y@nature.com,$2a$04$ybMrz01v7f6yzMHTHfnOHe6fD2Zy/zHuJ3/aAhtN/RpndlJv7NlCK
tstrathearn8z,ptidball8z@bandcamp.com,$2a$04$C697yaKDoJAv0mz5u9AO/.FkELqaI0flOTsCSTlYnMGD4AcfD.Olu
cofallone90,ekelcey90@clickbank.net,$2a$04$4hAJKn3Sf2YCbS2qRbt/8eu4Kcjy/VpBa6nPIpikqxsFC/Fcy3.2O
alongstaff91,nnorwood91@indiegogo.com,$2a$04$uODBqsJksGbL5a6aJ56Fxea4HA0Uryh8LJRWSCpsJaRdkzsU4/0BS
jminney92,nmalkinson92@com.com,$2a$04$eHrjjpKebcWQp.N3rzDPHeWsBesxrfcf.XfSPMiDf0N0Zd4U8SMci
badrianello93,ihague93@un.org,$2a$04$ab64UbaTdj/JHaQXfkP4KuVWcTr2PCZYPT6GsWFUZWN.aMEGLdd3m
dcuthbert94,gdoles94@columbia.edu,$2a$04$KKSCRYUajyoj8w..yz1n9.ilNIGu5PcTpsJLYNcjZv/20jD3f79z6
krigge95,npullan95@utexas.edu,$2a$04$zpZQXJvKw.zmQtrVn3ArQu8ihtYMdYZ66QyDUVnLZHO6YRB89Xlja
ygrandham96,mslott96@youtu.be,$2a$04$f6Y9JCuamjuc1KlxH5aFxuXE8M/tX.FfniceKQQGMawuLYaaIzMhi
cromer97,lbryers97@wunderground.com,$2a$04$YVwhTlt3syz5uTo92qXUru5vC1qqfjraSEANVnrXt6SqcnVaQtPVK
wguilayn98,mraraty98@rakuten.co.jp,$2a$04$E0979tf9/AYleQ0BPSK08u0LqTHE4uchX9.j9iWU2MXVi6tn04AB6
mzavattiero99,zcaren99@amazon.de,$2a$04$ylKmivvNPA4BiwxquzVQvO1eABwO7tpqARYnhJWGnmodFEhu3us5y
cobruen9a,gdunckley9a@youku.com,$2a$04$hW4IWe7ETzVRkSgSXw1e6udk4sOkAGas/k6bg/XEeZaJC8DDdbNeC
heastope9b,bloudyan9b@digg.com,$2a$04$PbAkTPs.d0/fE2FKGpPpdec4ExCUE1cYgGNWMUF1KC9MZfxREefCC
melce9c,mhowells9c@auda.org.au,$2a$04$eGDmC38Hbij2lZlzY8PKG.sH.//7d7Npzy/PGdmpK.iydmgfGFRpW
fpail9d,ndowrey9d@alexa.com,$2a$04$iQj.rCIDDyEemW4A/xVI/Ou9/HouCdHA23euFX0mMFu6tJkkibhYq
imatyugin9e,ccooksey9e@examiner.com,$2a$04$tOVc1tOTNb/.eofw3aLnb.ZLj6v8mq21Nk.VhR1SaBJgy87k6H9Gi
nrawll9f,knulty9f@oakley.com,$2a$04$C/yW1uPHd1Ua26sMp5UdJu9pVq.5N6pnREoXJQ6bRCxTyspdvgqyy
aogorman9g,akleszinski9g@hhs.gov,$2a$04$PKxVqNcswFNxrHJahHBiYeqLkfLZ.Xx0J22O29f9KUItyCIOcdyC.
cdarbey9h,dmichin9h@constantcontact.com,$2a$04$yw.GjXJXAxW4kQwFDZ7aZud8VG64JxhMsrAntZKXqv7vkc.oXCuHG
bturfitt9i,rchaves9i@weebly.com,$2a$04$UD2h8a1TX.DSU3o1f0CZA.xqY67wqLWSEVGylMsU8i8Qsq6jA9Uoa
ajolliss9j,agobel9j@miibeian.gov.cn,$2a$04$MMXOTcCeKANMQ18Sar7jp.Duv2r3YquNCdPFoVo3h.1XC5KsO56k.
ecordaroy9k,mdoreward9k@businessweek.com,$2a$04$oZOWLYWl79NG.QVIMZzUweIut8Ll0YP5U8DXe27s.X1F9I0/gdX6K
dtwinbrow9l,jrickardsson9l@timesonline.co.uk,$2a$04$6JNtEsrbOG2Lfb8eRFIPoep6YMBbphht5G1SM.SNh6L45s50vmyVW
chyndman9m,ssames9m@free.fr,$2a$04$eA1Zwnx645ia8Yd0job5s.5ywyWt9gk6AIkdZPURPseEAs7yzk5RS
thansard9n,dbirkby9n@imdb.com,$2a$04$WJj8EhkqoRAmtL5Nh35Pju.TLqRii8r7d3tOdx/TxFwYkp7n.OWja
vrooper9o,lyakunin9o@infoseek.co.jp,$2a$04$KWPAepPOqKq7DqrteEeDyOY3qjgTbU8gUFDViuyVN0.UHDHhjDz.W
ewemm9p,bkobus9p@nytimes.com,$2a$04$y3PI5hZv.puFH4Bq6I550eLPsZbfL.wlClUlbt2Z2buqyc51TNf3i
esimpkins9q,agarahan9q@netvibes.com,$2a$04$cjodcnZo.om/Sw.//.bM.eftVcTCzIfj8GHMUIunevPYNU4Cd/mDu
akilduff9r,jphizaclea9r@jigsy.com,$2a$04$y.bJ9lZ9ldNMQCUNYjwmQeQtfxjddBkDnp.vBoUK4kAvFXGPyO4mK
sandri9s,bmildenhall9s@smugmug.com,$2a$04$5GoYjNSm42qO9XDBK4pJWeEzPKJbg8IBLgHSM6LnvlSQ74YujvOzu
fthoma9t,icuthill9t@bigcartel.com,$2a$04$CbWi3/AQb8HhlOsJkPYg3O.FHHpxZ2plI648vioC7mc.3mTksFERK
fmackro9u,wgilhouley9u@e-recht24.de,$2a$04$bdSmy3MV9iDqXMsW9gvmauwVVzozGNgONBYIiYX0XLGa9dCu/VX7a
mspawforth9v,eleyton9v@gravatar.com,$2a$04$Ul1sTGbi3s/5QvB7cS1dxey4N9LqeaIq0.FonM3Ka1ersihMSltfK
tsandle9w,aradloff9w@ted.com,$2a$04$bfbVsVStSlehV7nLAGbZZezjmtPsOs8lWUV14uFNl4bJk/.HbYsJ6
bbumpas9x,fhardypiggin9x@army.mil,$2a$04$N5OYYjPGs8EXpmZFUdVk..O25TpbEW.4LSB//ReXmYC6wRtLJg86G
nlambol9y,dhauxley9y@wp.com,$2a$04$5tKYqvTJin3kZcQwn0hqrOvcWzheDqI8TQ/OV3xexHRvWHL2Nn/k2
dshellshear9z,lhutchence9z@miibeian.gov.cn,$2a$04$My5PdHjLRNcFuiuCPf7ehOlUeai1LhnV9p.PnNUGqBgjIgA4lHVry
ldruetta0,dbattinga0@istockphoto.com,$2a$04$DmoNmnPnP/M96fFB60kvL.Z.Mwxi8dT.ID5eyDusH/otWiZlvU0wO
eschooleya1,grodgea1@google.pl,$2a$04$.p2punl6bhxwQUjWxqMQ8urKZxvwjNNIypXVx/vTLvrCjpAGEOA7.
mtoopea2,tberkeleya2@shareasale.com,$2a$04$7t/XiUal69YW09x22NYkBOfRPm4EyViRW.Nk..Ga/bpV.ZIpWcFjC
rcontia3,mfussena3@eepurl.com,$2a$04$uaUEv/B/4xitU2QWJnFAYOy.IplDeg4/yKE02ryI.wZZJFb6kWe.6
gredshawa4,ggoundsya4@mozilla.org,$2a$04$6jh7tEusxpE6gV3g9W3YmOdkzVoHSqUIqXZLT4LZ//63/sski.JWK
jmcmurrugha5,mjefferya5@marriott.com,$2a$04$BFTUZ36a93GLLT8nQKOz6.h0q9nwhOC69jGnkftYWSypNemTPX4Fy
emerica6,xplampeyna6@live.com,$2a$04$jEXPFADia1RX76gzJb.Cp.FXAA9HyQRa9tsVHQqNG03/h72dKz2Eu
breidshawa7,graspa7@digg.com,$2a$04$gpAFg4LdrPFgS2V3Q5mnOOSLdqeQKbNBqQUXP94QM28j9VDEw7gQq
mchownea8,hransburya8@cpanel.net,$2a$04$gk2VxR/Qr37KmkUGJ1ft2erZZCwC6mjIJJdzFgeXSmZ/mHeX5GW22
lteggarta9,zwasbrougha9@ezinearticles.com,$2a$04$ZJ7PIhEH1DZzKyOBKApDcue2qDYmP0QIOBX1ZshaChUQPV5tCQlve
msheppeyaa,rcoldmanaa@bloglovin.com,$2a$04$0b4Uw/RdjjhWHn9SE1F/IObvhUlaklHPSJXHgTR4vmPrsjb2GIVHK
prodolpheab,bellsonab@earthlink.net,$2a$04$bEPMrOmRxFG1.ggALE.NYO8uo7U0gZcwAXaiXXlPjKJlw3hbDPLFq
egazeyac,ggoodlettac@pagesperso-orange.fr,$2a$04$gDIfGJ/G7CJqoL4xpFKF4.4AIdL3fyT4bE0bIkgrXbX2eQ.stYiXq
dgiddenad,jmorinad@examiner.com,$2a$04$kDl/YWDCf5TVRycFAyEMHu0cqmWNqNaXQWG4bjQsbMkcuhLP32e8G
tbathae,dfigiovanniae@technorati.com,$2a$04$iEulLyNdNzAPICAYz3AYNeWM5sZ0I9fk.cSoru/oMmG5hvdSBlDjK
pwoodgateaf,ityhurstaf@creativecommons.org,$2a$04$8Alc7enCc/HstlvCL1Xm8u7HzTrPdZm1mXT2du3EXgJbRVvPo59yu
haskamag,ldebleag@wired.com,$2a$04$PIVmyYi3suWa8G9a/MJdOeLiD6BIl3gsbh5sxpzrA0NhozXPwju4.
nskylettah,dsarverah@canalblog.com,$2a$04$yMmv6IAhap9HlZQEREXFtOwx6f7/g1Y6n5yhtNE9vi8LpFouo9fEO
sbrindleyai,fburkhillai@elpais.com,$2a$04$yf1cu6B4sizTTfj4y7dAyetOaxzssMixS7FwuoFppLQKrPzNs28fK
idunnanaj,gcarpeaj@npr.org,$2a$04$b7eAzsauxSmWLzEI19GQRuAxofbamIQI2PnAdM752F.WIdpQGEZ/C
jyitzovitzak,lmaccafferyak@samsung.com,$2a$04$.HhJ//rGxLerDZtFVuUF0uGmLz8nuq.UoXhcCMYllb7Jk85ShXqES
sgummeral,pbuyeal@ow.ly,$2a$04$zn6Q06j2QNJGlCKTkRv08.Vg0jWWU8rrLeHxBkLJTNgNi5IYJ9x4y
cstraussam,ufaragheram@unesco.org,$2a$04$ZXvVil/TG3TwOJOytN/pcuqQxo2c7QdoF0SzNJziS9enY/WMixECi
scuzenan,sfrippan@army.mil,$2a$04$YGL5Iysab7hi1k9GMf418OAmP4nLlMzB69KbvTUA64opTMHEf/dsS
emacdonoughao,arubinovitschao@naver.com,$2a$04$NGDIb9yPDOAH.ZRc/x.6FOYOKY5Hi70b4Ft4mFA3WOEVPZbmUvkIy
jstebbinap,dsuffap@istockphoto.com,$2a$04$jnAGLkOBCmBJdKzypiBgj.wulRSv5q42IfSykNMjQItfGCXIfCXGG
rfilyakovaq,ewatchornaq@miitbeian.gov.cn,$2a$04$d31MXMG53qV6SqRW.RHO/.lqPYCtPhKrI3QGnj64IPQaF1qXkhnba
dbouskillar,aaloshechkinar@cisco.com,$2a$04$WZERRF8jCPFORDclIqp/q.0.WhuQindhGTTsdqy8lKq3uyvUxeRjy
zrubinfeldas,mragglesas@foxnews.com,$2a$04$abN0aSBv7KRk1E/O/xCSle1XUkKMTIBEEQgKFm2/Sb/gm/H3zDpOe
ltallentat,icasseat@fc2.com,$2a$04$lBjLecP3HERc.Tmj2KtVA.q4yIJ0F6ADAZXwEZyJYsahODsM2cYGW
jbattieau,dbarehamau@ox.ac.uk,$2a$04$L2y6bAaa7R1vDe33.0w5A.Bpe2d.YKgWfAk.nMSaJra5sXg4q/JKi
monionav,evarnesav@xinhuanet.com,$2a$04$Q9dU3nP6yZx.UPwLZKcArOp5xVSqi.fYEz5oVRUBX2e3SyKns9Chm
csummersettaw,fskevingtonaw@tmall.com,$2a$04$oOSNrXlaLeR.t5LLzTUk3exZXQt4dRR9jx5kc2cE70gbDTNrYKuNq
pgarthshoreax,rtuppax@ocn.ne.jp,$2a$04$Zyyps/L/iQVK0lZp4oSyR.QEQLFjASNIWP05izaCbUp2QxsOeF/Uq
smaffinay,bgalsworthyay@eventbrite.com,$2a$04$PYM5nZ1fBnP8eIBTvh0JN./5NxGfZ8r2OkZ7RwU/s9g34T.8nVb/y
clarsaz,cskelhornaz@godaddy.com,$2a$04$uS6f4CrGsEV19cGcauab6.3gds0aDD7SDVntUlyay/dhSY3X.G20.
gamangerb0,mtwelvesb0@odnoklassniki.ru,$2a$04$AIw07/.rr8.9/ieRlMu4Yu4q1W3TIANBBNf0WW3rJ5Hg6/TUPFc.K
ehebbardb1,coneilb1@chron.com,$2a$04$Ap/2o2uEdXqcPQ3frx.Nz.2DtXl6x.4Ri8cmIBg.tux3bfE4nFCM2
adecourcyb2,ebogeyb2@ovh.net,$2a$04$R.1NDR.fHjalj0WR4eBm1OuXN7X9bLM4A8.B1puLs5aBWx.B4ogKW
cwidgerb3,aboughtonb3@intel.com,$2a$04$OZdEzZQmL008GxFsdyC06.FE93CaptxnP7d7Qy4Nw2nw.SKbnvIsm
vbyshb4,promerab4@home.pl,$2a$04$h0hfWyQFr64z8K2XG2ABTeLWIVvV6Ux2MIhtGoD8jMKM4XZnznLhS
hjeroschb5,sgrimsteadb5@mapquest.com,$2a$04$ueutu3T5dUZynXg0oUNey.BYB0FMobwXiWDPaQNZSwrR47RbFnt4O
hcasselb6,aeldredb6@kickstarter.com,$2a$04$NU0J35E7TYEnw7eOIHBPWum6R8ii9PEduscVRKdOUIt.BpZsplmgq
lbraniganb7,scathelb7@toplist.cz,$2a$04$DRPRszA34XHxMyCiYrOQT.OhRAVawdSHEz8HjBVgjrcKqGA55tqIy
mwaddinghamb8,keverittb8@furl.net,$2a$04$/8rAc7y/hGA31ZQXJxb8AujS0Dj3m5nEqPwrX612/TG.R8Wsuve.y
ccadamyb9,mmatuskab9@springer.com,$2a$04$jXDd0ACgzbBKYdkBcxzur.GlPlyvH4KA1HSZIRXz0VgI6thkPmDUa
mcratesba,bboundleyba@google.nl,$2a$04$aBWUCdGfqaVrNLrQVKbT4OQ009hgjiIdjU7FNiAPI75eVLsh49OWW
ryandellbb,mdeebb@123-reg.co.uk,$2a$04$3vxVvRlEP3IHKNf2L5sNTup6Esc1njSdZQw6GzqIllpxV6fr0g4C6
sallflattbc,cchartrebc@cam.ac.uk,$2a$04$kY3e2dcE5/zC3RdQtgvzduaNCjwSuqgPDZI3Ng34NlOMdzty34hW2
bknapperbd,kmaccaguebd@example.com,$2a$04$EdpMS3aBzVxQJ9C6CWk3h.tVLrO7lTXFp6hLEqVg.z6DlndEX3WMu
fbachnicbe,bpouckbe@photobucket.com,$2a$04$g96Vqj10Q1tZOi.uW.CRNeYT.uIDM55NsAo896eaPTE/XQ91yc3NS
relnoughbf,mginnallybf@surveymonkey.com,$2a$04$1bLqjAIvWNcL.UaZcY1sheA/IsH2RBuwbi/YwwqydYT6HyQE94gcC
gwoodnuttbg,dkobschbg@naver.com,$2a$04$RVRswdwTgyGsEixlOts35.iL54uUvIl1bRKTuekzMbZ.3IJoO1TCW
jolechbh,vsumpnerbh@jimdo.com,$2a$04$j333YeMOz/5M2y9cop97zuB2mAEAhjBtthkgNVIGXkdTprpOShU.q
mswadlingbi,cwraggbi@360.cn,$2a$04$veIcTfIdmfDL.owtGvFvCe1X791HaMrLd0EE/B9yLon67pxLnhUii
mulyatbj,hsamterbj@dagondesign.com,$2a$04$oVJO0ZeOHiDTWdL7kz2WpOoVsTP0v6rd7T6rytC3OhjYxPuSMaSV2
mgravebk,dwewellbk@constantcontact.com,$2a$04$FZmGzFbb3rErm0wTz.jZvuCE./UD7Jxcpf76a5N2k0JjufVib6gLC
hmatuszykbl,ahiskeybl@adobe.com,$2a$04$EvRnw4OfBGz1HIjASnT/heq/CBDILHD5xpBrC/FV6ZRh3KrF6EG7.
apicotbm,vwallingbm@about.com,$2a$04$sQtaTcaoy6bqXXLd9rIT2.GSnBwBSc5TJweU5KCXJ56qf2r6qHAaK
bbadrockbn,erabbetbn@geocities.jp,$2a$04$lUvcG3dtaMH1q/eRayHCd.YM9jKzrhbc0kZRFj31tQC9bX1lO4EpS
ldenevebo,bbissexbo@twitter.com,$2a$04$9lF8ijgbiO1tCY/LPNNvwOJaAzojtAio0ivV5aiWxGzigCUh7zK9S
jmeersbp,tgarvanbp@joomla.org,$2a$04$d.IfwGzTspOWSkRDej/xOe5Se5CsOedaLVAYHd4InLrmUAPGiVg5e
pdoumencbq,zbonnybq@blogger.com,$2a$04$aPXUwBBJe9T9k12ULT5h6Opsruc5m14FCmBuZqA6DjVhsSXAIhWAq
ttreanorbr,anavarobr@goo.gl,$2a$04$UL5caA1MT3ZwqVNCseDc3uaomQCE621MTR1tjZ/tKEtA7n6WUn/Fq
rtisonbs,bcanedobs@latimes.com,$2a$04$1g/eqy4eOxlQmuyNRnDTNON1XRyyltg0k/hFWWRd5OefQFHgxXVUm
kchargebt,mfarnonbt@nationalgeographic.com,$2a$04$EACiLBD77ojL.Xi3nvyGuuMsCpWo/NYG3/YeKut2KAG28Iva8Euea
gdoodybu,lrivesbu@sbwire.com,$2a$04$NY8tfPx9VFi6ERp/gGihGuu4PtjthhrulpSEYrGYMYh/wm3fu7LuK
syoakleybv,senzleybv@slate.com,$2a$04$BWMeAEiezIFF7x3d6O8ejeHn8zCT/l3QJ74dgPr1HMJsmqa0fBo4e
agallihawkbw,hmatteonibw@flavors.me,$2a$04$/SrvBdLeTA9fTRSNPqoxEO/wq6.Tmt2voEWncJX32.0JmtApYXqaa
wcoxwellbx,hsmallpiecebx@pen.io,$2a$04$GheaiwDGJkMX2AAZskmzwelsZFFOh/mYIemDzzUdDzza1.LqSBKAO
bgreensiteby,jatyeaby@godaddy.com,$2a$04$.VvBG4Hr9bb5Zf4pAmtP3OEvPvmrfZgDAb.JScS6Ftjr5wVQWIUhi
zmcdavittbz,bspeedybz@msu.edu,$2a$04$f/jo9tUw7.aDaVOC6qMSke712GXpPsk0ZzJ2Xj0AeE6TKytgYfM3.
aclaridgec0,kbaldenc0@stanford.edu,$2a$04$PqmwYsv33/dQT66GUHzWRuT7.zB6vIMh5pTMgidztub04T1/rPq96
malelsandrovichc1,ldoerrenc1@walmart.com,$2a$04$oCBS0Be4OKnYRy4pJ1y6cO03FI.Q6ZLaAC4u.Pg.JgmJxqBT/DIKC
jebbingsc2,prothwellc2@si.edu,$2a$04$eSXe3YvSdxOFcUNeT8Ozs.0cpgyOJlRit9LuP0KV3OBaHKy7/OKgC
cfahyc3,dgregorowiczc3@google.ru,$2a$04$/XoQZJ2VL1RTsHMWhgk9pO1l3NKPUBySUF6hqI4139FhS6vV5onI2
esifleetc4,dtruslerc4@ucoz.ru,$2a$04$4bkJg2YOX531NFAdC9LZXuF7SPVV/EteZLChwrBtdCa773u1cLESW
chandyc5,bkordtc5@ask.com,$2a$04$T/pN.gh1rAhLxY/YE5Vbou/rvt8b9okOGtMoKitHPr7pOD3rGn3M2
mcinoc6,anorthoverc6@uiuc.edu,$2a$04$tytBySYQ7KCFsXqMMfQXVuh6kS1tGTGNc.RsgEXyRWucfT7x847.W
tkennifeckc7,ktearc7@wiley.com,$2a$04$pudwjhLp8l/Glmb9qQRXSurtri2Qxxh5KRWYe5GyGkBHUzFWPO/wO
klungc8,rcosbyc8@domainmarket.com,$2a$04$zDv3InbiohLJo.kQMZghDeyCMo22H.uKmpbbM4dVfGlkOG6Hl/3m2
aelleringtonc9,snewcomc9@businessinsider.com,$2a$04$A8uqn7QRGPV2xcMqOlMB5OZpBGFf8ddPNJq0UW6YNbeTZ7CIeLRKW
jmunkleyca,hparhamca@multiply.com,$2a$04$Xaj4qd.sHpu/gliA6KHVuOF/bvbJcaXj1n0CNntVke4.zjGiwjJWS
psolowaycb,jfreeburncb@buzzfeed.com,$2a$04$XdzPujlsf2MUEYVze0c5o.DmmIcOkwzaH375vB5RoMAOmekNTz.zS
jmanilowcc,sbendelowcc@shop-pro.jp,$2a$04$.vd6.w4991tyKVxYz6bGxuukazM12.JP3kOTnChPN4nY5E8314utq
gdainecd,gmayocd@earthlink.net,$2a$04$9kL8nLPtcyqGHpIoCjpPEe4ZYQKT3X7xnbr7ljHYgejz4e4peDamu
dbanishevitzce,jbatemance@mozilla.org,$2a$04$otPYu3PFzy9W74uRymDA.OB8wgs1ATXGNS8NPZ2DiRNS3zBPjEeZe
idonahocf,orostencf@forbes.com,$2a$04$oDGSVcQzRdduBwnBk1PUYeFo6I0/Hg24cINu6ce3K4oXVqt76Ld6m
llidierthcg,pmccaskillcg@live.com,$2a$04$6Ohjnp.QALjX9NyQMC1qa.gTYxgn298itRzX3MZs4jFkSTS3I0JTW
hdurbinch,ajillisch@woothemes.com,$2a$04$HC1GDX3MgT5aYOpp.QHN2.uVQpFHrw0Mv3.MPnLMEVLLfT2/XdnJ6
bhillinci,degginsci@census.gov,$2a$04$gjl104TLDN8sjNalEVnU/ubc7gDUUlClOwOJ518JwIVkr3z2ajGBO
cterramcj,rkynochcj@t-online.de,$2a$04$PBvltA73ULcQ7m/gqaRj6OyRp90NxU3BKZLkJCMg6UW/Sq82tf3qi
rbleibaumck,cbonderck@issuu.com,$2a$04$bH01l.1H7P8AAAE76FBijOUDKyX67ZZmIHmw80nSqy6yWDM/atciy
kcristofericl,hwilshirecl@studiopress.com,$2a$04$GlZEReO0v/EU9tY7nXgiheSNEf1JzzoX3eSRBFKZlR0Xk57K5Csde
mfonecm,fphilippartcm@sciencedaily.com,$2a$04$QNvK50xiyb.63IbSkrdDYepp0UTtuLbU/Q0Ve2MBVYFOEY1tMvksS
ggoodfieldcn,agarthshorecn@microsoft.com,$2a$04$PTjT4jHxe6VvD/Z1Xtt1HORy6WmFF/3M7NPtTJr0n0jTRxgOngM7u
ttidburyco,rhaddickco@yale.edu,$2a$04$XEHVNX8RrUEMp7utx7BPPOCmZOa34g3Sab8ViJUKRN3uECgnz/CiS
gthainecp,csindallcp@who.int,$2a$04$o.6/mAU.3Q.kqfuvfCwiFuBYRs8DoTyBD67ys0KaFabK6xZ66Yecy
rnockallscq,pcoolahancq@desdev.cn,$2a$04$QiBo02o86cLIQ3.39QAEBeyHDwyn0aWqTzP.ScxWZwpzmgNC7Y.Xy
glanyoncr,celandcr@cam.ac.uk,$2a$04$rwOIFlSiHuGB7qwo5H4AVuNd7cdYHjPW4wLo9LgKjzGFmc2mB5Ce.
cbattaillecs,lraynorcs@shinystat.com,$2a$04$3t8NY7VVI84jfvKtKImXdeiPu0akQ.Papg2yNfsxcgvOImrob7yty
aharversonct,shammillct@amazonaws.com,$2a$04$4jTX58ryvZoz9dfRbHC2lOxhjRUQ1ywHPLYVniq9XxIAG/F3oyGaa
mmckinneycu,gbosketcu@dyndns.org,$2a$04$c4rw3ugBcY8HVXzlyLiZy.AgWpWiVvgYGnSUFyHF8h.7ahjHwaE.G
ffreecv,jedmandcv@dedecms.com,$2a$04$fHkXl4dsGKt3MA3Lc8xLhe69kVnO7UXAmM1tbNrDQI5BYpAxrvyRC
bmcgahycw,djonincw@army.mil,$2a$04$xxxd4GbGLefPHu3OjaOu1.5kQyW0xO2OUPr/gfvdjeW2ZdYR3gGEG
rdeverallcx,idewettcx@intel.com,$2a$04$SSsm.1vPpYs8.KDxCw7R7.THFyUJ9b80SGmQa/qKz7NazYUI1myOu
qdyshartcy,mkrebercy@multiply.com,$2a$04$XMlk0AEOlGxWY4ymY3S2Ee4qJTYoJdsQZ03OOOzpWpurDe0f/bwFG
vsedgefieldcz,apittetcz@issuu.com,$2a$04$/J.8.OivmBI7ybqT5kAMFO2DB8.3URX2nhIqelPgIfAZGetyZBSWK
zgrichukhind0,jguield0@netlog.com,$2a$04$t8a8z1Wit1cjbXO1gfO9IusPvWiqRedS3pp4w.8q/m5j3.x59J.QS
cwodhamd1,drusked1@blogtalkradio.com,$2a$04$SLN9zFbvUv6xpsDcgMERge1cy1IKZjMyFiogk.cDnJnHBvsUbLSyS
tcutchied2,jcreeberd2@mapy.cz,$2a$04$4EMm2lGYX1JadKlHFIWfzeQJsC8VmmMLVPL32ioR92Kb7zGFKly9S
cdewend3,fstitfalld3@slate.com,$2a$04$YvRgKyQFuh6cGLJbTy1RSOz638f7S1X8JchcPBrAPyuUTZxbC8uGu
mflattd4,deverardd4@youtube.com,$2a$04$OCyeDl6T1CK17getN8SzGerrkzOZVi/68pAjrr9lTX9eLvCBYtd1O
jclyantd5,dkeydend5@admin.ch,$2a$04$W1tqEhB.1JGxUWo7sT7uJeZSluLAJ2Hyj3TWxsQrd/OXVHE5KAUTy
fricciod6,tfearond6@ebay.com,$2a$04$3ufbHyUNAIWttiJ0ouKUN.UQ4Ea77S6c/yxEQV5N0EVk/ke7dtbHS
jstaniond7,bhanburryd7@toplist.cz,$2a$04$f039T.RHbk0Jxl7Fz/843.ho29JhvfYOEoYfu/dA4JxeOYunuGtyW
ltillerd8,pmckillopd8@archive.org,$2a$04$RNVDmIkEvdz4TrQL/5GZSen6QBE5PkzefTBULi9b2t5ouRu1sr1Wa
lredpathd9,kinchcombd9@un.org,$2a$04$At9Gc5fgt9tDKyJwZJi.iOQTfNvSfZ1NCg/zyhyhQzWqXLvhe5cuW
pthewlessda,bgatelandda@virginia.edu,$2a$04$/rZOQp/1CiVk1vlgr5gcS.VDmpZRFe6SNMhbBqhgX6uJeV2yAdYwS
hsiddledb,nrahilldb@alibaba.com,$2a$04$ALJIUD5ACZwkd8k31P7YeONSTKW4kfsEsrrz5hZ82uQ2DTK6FaJC6
jvandenhoffdc,tjumpdc@cdc.gov,$2a$04$1nm9NKOXAjG3WlgCAqtzI.a1zafAyIr2HM0CA/e3UbiaHq1YUeaZy
brissodd,mpurchesdd@mashable.com,$2a$04$TNjB/Ty8q505kdWy6ciH9O.kGhh8CEzMv25.WJQ44gUJ75BjvRHOi
nscynerde,ijakubczykde@java.com,$2a$04$fIsfAkHAhM5HL0o96YXP4OphzLs9ApZnmBG4DwXtSi/MYLJJJZoHC
dnazairdf,yescudierdf@photobucket.com,$2a$04$t2fg446cab97H5beyUCYyun7FZBCJ7U4Skkjn8BN7ZtlSqUxzuUOu
sdellcasadg,fmullindg@facebook.com,$2a$04$kT76q99BHKe.N7XQ9uwrHOBIa6A23JAg2YGn2Cp43PSgPlTk3WXDK
wmollondh,ezelnerdh@gravatar.com,$2a$04$eqha6X5K7BRBzxwpWNtOtO6oTbzA7WoRqMyTdaiQFEdKNjF6IRQdC
ojodkowskidi,cstenninedi@paypal.com,$2a$04$mphl4s3AOub6rz.CLcKOguQwdJKD6PIJRtjSBeSajdOcOZ4EvnBRG
jpactatdj,rrenharddj@marketwatch.com,$2a$04$Tb8sJz1S4dj6ZpZennDsW.TK3VvRsYMFqeE/ZUrW6LsWcq71zjE3q
nmcgarveydk,kstotdk@tinypic.com,$2a$04$ARKj5vAXjoX7y/nfyIIO.e06qbkjx6NzZKlb25Xa.BvfDc/cMBuzG
kpottledl,smansiondl@alexa.com,$2a$04$DBYufJ7I5eedLREkMOCx5.rQ.wF3pXBMOmQV2yOyJ5K3WU/eow0Wi
tduckerdm,awedlakedm@liveinternet.ru,$2a$04$aIE4luu5h68F32fIYwfohexRVZi8G3ZY35AYbSHMEZVEcQJQwio0e
rgrzegoreckidn,lberrydn@usa.gov,$2a$04$CyRKsdadS/PLRUWoIQhN7uH8O8T7Julip4Cv20.KiHOvNEE37BF0a
ldemanueledo,cbenitdo@marriott.com,$2a$04$k.6ezww9jcJ7ai7t5A2GbuU26LKXHUUXwSXof.2eLerxnvMwssHga
gpetodp,whutchinsdp@people.com.cn,$2a$04$i6p2gsu9KU6jkWbs8U72Cec7IadgcMftmr/9gqw9OJqRV1sIemNpu
cabrahamoffdq,rmellonbydq@nps.gov,$2a$04$rycYFTmaFei.bdF6Pi3FTOQWONBe/rIhrVX3dhVTXj8ZeebQwOtNi
smattocksdr,gvynardedr@diigo.com,$2a$04$9qW2/KtJQNKrWmk4JzQapeYLIXd3tZ2.Q9hOGQzBp24eyrV53D2Bm
bcescotids,brymerds@homestead.com,$2a$04$JsK9SqVnsOMnp3veDT0CFePyx4Qto3MSznboDXX777f8RfVmyv2GG
egornardt,adebischopdt@arizona.edu,$2a$04$GDB9cjkNvbTjEvGZuaRKyurxDD2Dyj9qCQfLX4XBssS0vmKihCkFC
eghionidu,pmartinekdu@netscape.com,$2a$04$F5m7y/egBIaeQqteT0HTk.xaeFDJTSsV8F3FTYqTRRmuJZc13N5.K
horrowdv,jwhittierdv@apache.org,$2a$04$TSvMwqZUrU.4k0sPhApfz.48zsGz0z9WGAptG4Ggn3oqfbGxoVRWG
jswattendw,bclausenthuedw@lycos.com,$2a$04$ZpsWAMQT4bI5wWBzZfLiG.TI1AB8VqQ.wGMbdWEh3g1rEry4wydKa
lnavandx,dsprouldx@fema.gov,$2a$04$drdWkk1mvS3szpMdVWTKKuSyloWIuCmrYei4MIqSxT8FgFLD8V5y.
vkenworthydy,epipedy@cocolog-nifty.com,$2a$04$YnbsmWVwEW0mwTAjWtU7G.eL4G4weXLu27RLi9VH0FrM4gLd.G/4G
ktrinbeydz,hadairdz@hubpages.com,$2a$04$0x1jnN.NnvNZP8XxW1MOie07HdETtcPKzl5OrjrC5KQ6H/csGRj0.
woharee0,cwornere0@harvard.edu,$2a$04$KmAQ26sH1Ed.Ev22ZoYGvekysVX/beRlplahRJBx2jppUV1Q9Ywe2
ccavillae1,aforoe1@hao123.com,$2a$04$o15wOPDlDOA1Kh7xT86XmeT2pO60UvHpo.2m5j9meFbt3sYUEkKJ.
eschimpkee2,lpankse2@mashable.com,$2a$04$SSIIXiuGIxNp2LKscZ7zB.A/.fhpRc5ncy9u59sWO7/FK./VRh.ya
bjohanchone3,mmadgette3@constantcontact.com,$2a$04$HvS6hSXvyvUjYcntcbHikeM7gRdkx6lq6zEfWvIRsKZSM4TbTV4KC
landressere4,amarhame4@blog.com,$2a$04$ZGxp3WCu0NOxzO8ydHawde3gGhnjVJ9Ea5ctYgm14KwozgH.62/xS
krogete5,rhickforde5@house.gov,$2a$04$g5blHiBmqsI6zdlhtiaSNeb1SW0uUwuGfv947AfUIGiIODNa0xVNy
ntamblinge6,kpreddlee6@xing.com,$2a$04$kes//y5xO66MFQqecQ6m6.DZUYlZQPB72/uZR2T4m.kTDzpg2qU.S
dbabcocke7,abatterhame7@shop-pro.jp,$2a$04$mTn5dXTCvWvyxlkgrcz8lelOlhP/U/Gq7KZY2.C3ssYwwepSjn1/W
vdafferne8,mmckerane8@newyorker.com,$2a$04$ypIb75Lcb2ukG6wiaGY5wOygLOF4XLo/hssyd3mKHYIKdJGOJugGy
nszymanowicze9,kmcaulaye9@usnews.com,$2a$04$Y7DvvLX4iI7arDEFJAVMbeVn2S/6gN1Fpzo6rdyWPoNmwCKfvfJ7O
wyewmanea,gverzeyea@istockphoto.com,$2a$04$VakR9zLvo0DBHFlQMCWJnu1mnaVfiJzlJbk.Mjf8aUZ38eDfgZYny
calpeseb,mgooderseb@huffingtonpost.com,$2a$04$GhFxdnk7GiLcqzvQXuRgJ.fM50aW0/SVKeb06yTjLVojzAsZOmKdy
bshimwallec,ahanssmannec@google.co.jp,$2a$04$8cc/OoXPocXazZu6W30fGOUTCzsBee4jL.Mnx/zJLfkeCLEBFZtxW
bhilletted,fgettened@biglobe.ne.jp,$2a$04$CM1FP5vSZq9mEPYyrA49Wufwo1Qz2sd7spc5U9FR8MWVS/cjuZ08S
asmallesee,dseyersee@about.com,$2a$04$D.HK2CCkI101hCIAP5OX0ucRmj0TmJqgFp2Tqtwb9y6ivmZt2Ac4.
ctheuffef,acaushef@tamu.edu,$2a$04$h.jlqyt18koa3tQ5SAjk/OIT1DcXfeJD2H76xtIjFGLbbasPIOs3i
cduguideg,ccontieg@google.com,$2a$04$6X20YIReZP1/zGPyvy5PuuIMHvYDXUaOeGBfLB5viZF/8NwsyAmCa
rgarrisoneh,smccallumeh@redcross.org,$2a$04$PUTji3U0SzX9wYMGOtoHm.i9Cx3uv7dMJVhcH9Z9Mh9my9i0MLCWO
gshatliffeei,mtrickettei@ed.gov,$2a$04$LN1yHpRhxdvMhKNasINz4u1XSqIycdqnDNX2KMGwuZEk3FbNoN2GO
puddenej,ksalzburgej@senate.gov,$2a$04$O.aswMcgiP9IQt0nFauwOuILy71TLrdKAPYw.r1kwS4PnJmu0z9Ha
lweinek,lgookesek@pcworld.com,$2a$04$tlmO.rw22cJQh1kEvx/gE.oTE7Uxwb6ZFbwCCJp3EysIo1KezxNHG
dshaftoel,cattawellel@mediafire.com,$2a$04$OSIkrsfDPn.PDFXWjBDJQONKi.GNvHcDUOTbJfyWm5Rm2YYmMO6J2
kmuglestoneem,fllopisem@1688.com,$2a$04$H90mBmc5WXU/KeYM5mQHOOugP0/EAF9LvuLkVRUjOJeO3Skuc0Cqe
cmablyen,hpaffetten@hud.gov,$2a$04$VBIEyvS6A1ypt3juGrDEkOTlAukMQOXowlw0/OslMbyeB1do7hW4u
fmangeoteo,amaccostyeo@youtube.com,$2a$04$Apr1KkW7vw93I52NOKccuee5uLNliaPPrvt5zr7e2M6re9l5NsgK.
podgaardep,bmcfadyenep@epa.gov,$2a$04$5mzHCCtDpqbgFDhH4sS/X.SWgqnwN23dn3P5dGa0mANdUDrc7dAYy
aoborneeq,hdimonteq@chron.com,$2a$04$REiI.58vvjb45pUjES6zwuDBjdpH2RoKNbVQH84IYY.xFbIteC9Yy
glorainer,cduncansoner@slate.com,$2a$04$.IEHds8Bjt2LO2Ph7D..luOxVDKq01z/xUf9tz.w.zao7aKscplcC
ebexleyes,jnewbyes@comsenz.com,$2a$04$p9L8zO0qg..vlc4TAlJxwuFcUgs5MdM8VPiIyNCqK7tGNv5kdInXS
rdeppenet,lgregoraciet@epa.gov,$2a$04$EXoViOj3JoLUhdY0Bno2PeDXSLWGhjys8njgVznasZc3lMlyxIdtm
hdiehneu,lgulliseu@pbs.org,$2a$04$ZfB1bynMAG61Q9G/lbFoTedCFK45N16DymbpYX54A9QUmSaucwlwa
oishakiev,ksheenev@google.com.au,$2a$04$/WgkSYaC.mNsVC3gTzLs7uHOhvrnd3dzmLbf1RycQTTNc2SbKa7r6
mjanssonew,nlaileyew@sogou.com,$2a$04$kJBVY7s.gEwConYrzheUZepSg.Sh0b0./lilLZ55ArFDd6phDwuLS
ariggeardex,dansellex@google.es,$2a$04$ajMb7zf.hWStRrSRDBkbBe30hlvHMLblhri05nzn3foyA0Tpefm/6
xbartloszey,dtelfordey@fotki.com,$2a$04$dtsibfktcGP3UlcvTQZvneD3Stqdx9QyczeE4cTJQIiJEtgArP8DS
jwordsworthez,swaterstoneez@telegraph.co.uk,$2a$04$KG.vWsC9M4nAHuVkro/2UuF9LDpQEfp/BaDKkqByFl5uhd7NuhlZC
tarbonf0,gtokleyf0@reddit.com,$2a$04$ev0e5wFjUgSqgcuy5GtPfOZPmXBiG8SezqeCyXnSW3fTTbPvhWzje
hpigdonf1,hhanscomef1@dagondesign.com,$2a$04$UCh0aQJ7uBC7QAVQMvQM6OYXR9djvLx1aaBn49hDNzXcFEuYzCqgK
dbrumf2,cblackborof2@unc.edu,$2a$04$Ff8gZ4v9rIJtLhPI5NIX4OH1tzgBO1.doWHgeOeZciDnF0/wFC2Qe
fsaipyf3,mbibeyf3@nba.com,$2a$04$g2NYQRncZZcjoPlhBEmk7uwe1gs/4lJckb5Ek1Tjz5uVJj1kcJMS.
santeckif4,tverbruggenf4@ed.gov,$2a$04$uhH5Fl1K2bZwG9yghSsyBumoyKZcwwwj6ctLBNs1dNmKDNLSYyUQ6
cgolsonf5,jswainstonf5@360.cn,$2a$04$fzNpKGjEmCAX1Y9uEk30IOBVIy8WNgWihLI4wqyb.brZm1VqPtjqq
ddinniesf6,tzuannf6@qq.com,$2a$04$l/fMWdtGq81NcAayVI1QwO7kmGgOxSS7U5pgOokSn2aLrlpLnx2gu
tlocketf7,mfrancesconif7@friendfeed.com,$2a$04$fKdAdjDkrvx5rWJFT/p4bOzZTEKrgb4y.zlZEnmmIs1O4WWDwWKRm
dchantf8,tpykettf8@ehow.com,$2a$04$jIBvw1jbXezjqBqWTwtUkeYwyowLWuOcm7KI9tcOlPgNTFLm1GqbC
mjanderaf9,nchopyf9@hhs.gov,$2a$04$D8Eri.Q5iu1RHn/N7WVyc.fTOBCMsG3Y/kL4IYU0dK7M1WQr8mJaq
cpautardfa,rmaturafa@meetup.com,$2a$04$lTMsZNlIxD7kB/6sdZVlquwQRpwNpFFQ1N/NAO9nM0A3FfQJdk6rS
ccantofb,ghassurfb@surveymonkey.com,$2a$04$DmOBN6z6rMJ0Qm1kqUEp3.rNsGVV/u/fzovirA9Jn7ih8Kht5dyT.
unewbyfc,jbadsworthfc@squarespace.com,$2a$04$.S.TgxTXjevAjWEFfVcNA.lNgCdSyFetYx39qdtoQSmI3TcJW83DG
wferenczfd,nklassmanfd@lycos.com,$2a$04$wbew10g3bzyZtybvXMEcgus3bt7fbb4lTTJuDQQiBYre3eQW882.i
jdeletefe,madamovitchfe@tmall.com,$2a$04$JLsxHP2u.lAmfdID0RA6duYvVf8Kvs.mXBWrg8i7AHXce.oqZL.Qe
kgoscarff,gtackerff@state.tx.us,$2a$04$x5ReS7YU/8swEj/FETympOwHEAIIlvTYzmISAco08mdlFzalOEgQq
dskokoefg,cdeetchfg@nba.com,$2a$04$XuRTQKj1tg4W0/APjh7hX.Q3G1PmbU1thaK75PWaFegqQUZaIz2WS
etaylorsonfh,adederichfh@mysql.com,$2a$04$H8BYDmTTXLnKwTblrBdM9u9pm3Qwnf4n6xEWrtR/mG1Ia0AA/lqSe
acallamfi,chawthornfi@oaic.gov.au,$2a$04$1ZvnDupTRF2LNpCsC4/x9evtTNE1CXc8h4ZHDjfGq6t7SD2ocUoVO
ballibonfj,nhartlessfj@cyberchimps.com,$2a$04$4gtyp38bjZXsgQCoRZjjCexu4oEtHxTxFIkoq3VlY6GrggQmeNjxC
ldurnofk,cboysefk@samsung.com,$2a$04$sQYVj4O.6NxliOZWUQCsv.wqiuQmkUKPP9MnEgS7IfNpPm2pEnYaC
fminerofl,bdonisthorpefl@businessweek.com,$2a$04$7U62vnVhtHhzJc0UdLbejOB51cVPmOezva6FjThxnQf9ni38lFXTS
mcroasdalefm,bedmonstonfm@digg.com,$2a$04$UL693aaVzQAKwvnj6foRSu7E3fgaKayBYJWHWsarzsmPmJIzOTq.W
amcelrathfn,etronifn@taobao.com,$2a$04$jw6yAP4RQN378ADXx/98R.HG.TAYYqtZpg6.iMMXjrKSvj6oymlmK
oavrahamoffo,ctorryfo@engadget.com,$2a$04$Q9Ftl2XXkXL3iEvBjOL.Nu9r30iXXd47oA9nlsPo2GL3P9jtIJZTu
jhillettfp,ybatsonfp@unblog.fr,$2a$04$FWGN6a3sAz2mqrdShJzHDeygSKz9OUEymmK5tOeSTy9txXPA8i22.
dlednorfq,gbarajafq@canalblog.com,$2a$04$bs/UCTiEI4Qe8o6UF7Xh2Om.fU51tECPIleS1i4IHiQ4ugCiR1KdW
xfreemantlefr,imattfr@spiegel.de,$2a$04$PS8.7gfly/r0Td5Zay6.EuThP06ZZ8t.gvTwucP4tvyOzSAT1pFTq
jbelamyfs,rsharrocksfs@4shared.com,$2a$04$cO3rHXyNBAfMxTRCwN1a1uz5pvbuWFrdmHXOXyYX1syJ4Ob5HgyHO
aloftsft,pgromleyft@youtube.com,$2a$04$B9MgKaFM93UR3vZlAWS/MOhgoslTQfLj3qnqGDpdd7cX1VwhsOcLG
drannsfu,plardeurfu@nih.gov,$2a$04$VeHPvxUPDwB39JfXjkexX.iAprxTJVTpJTvlF4X9PXEOxFcGoxdtm
aamesfv,askotcherfv@cdbaby.com,$2a$04$D6dapMpSHtUYXc9YNON5WePVhgZ/lLz8P.Lq68HqVKDwHMGwf8.8y
jcapstackfw,rclynefw@youtube.com,$2a$04$52od5ZINhs5yE9fVXRB/Leo1LX5t8EJdhJndsCPA7J32fPHAXbnh2
gfissendenfx,jhallowesfx@home.pl,$2a$04$hEg4g13CRELHsPakViaXdOr4/JcaLIaTBZ.jy.3dKHoV9vQ29u.7C
aegaltonfy,rlarmanfy@salon.com,$2a$04$/hnVblCZzRDlwqpNiV/9eup9Q2xFPW4G256Kme2y9xCU6vsqtZ.eu
rmeeksfz,cgiovannardifz@bizjournals.com,$2a$04$fF72OWOPGPmOxdYKdisF8ODl18UwxAopG9/A3/VAe7oMltiklAYEO
amengog0,eseveng0@businesswire.com,$2a$04$dxB/1WJIOM0ABhWM2yKTl.gUAxaqQ6gX4I4MMBqS8/ZDarRuiIa.2
kbarsbyg1,bhinzeg1@about.me,$2a$04$mlKK.fP66flbtKmWbocPBOlYOHw7Tro/V6KldU4CTqH9c8PKRZiqy
tridolfog2,dlucksg2@ftc.gov,$2a$04$6RMULQmdukQJUHPcTD4KfOnO.mNg2Okdw3DqRczuqrIW2AfD2U4Ge
mmacdermidg3,mprestigeg3@smh.com.au,$2a$04$yh4fR4x.tJoh5YXycj6yTO.dkl6g899xdprG3tmYrN/UBGTLH42Me
rkimmittg4,mkistingg4@tuttocitta.it,$2a$04$zpGD9wmDq8smcvYOA0IchuXgvDjcdy7HbJVyrvKFz0gGJG9dBmKom
skarrang5,ikarpfg5@wsj.com,$2a$04$uxAAwOQdFdVjZBPYlqVzLOf63uakJCKH6z8SOjtTgKun0m1DCfjS.
yhebbrong6,ltremaing6@github.io,$2a$04$qprrVvGN4bh2YRLFcNfzFuP9hw4vNYS1WMegFMgrY1M/Rc47oxUg.
ffickeng7,pmatoning7@wikipedia.org,$2a$04$I9/QPLP1PoBynz2HpSQXTO6V33hn2cXjV5HTOoKEAtbQ1FqoHuaDq
jgaitoneg8,phamelyng8@storify.com,$2a$04$bsa60KT0XIk.RxQ.eyuyIert5fHA2sxzbSlYet4pes46UfG4PdJ/u
epietersg9,rderocheg9@cnn.com,$2a$04$CbzzAPMcIzyYFeXzouU7Oe7w0rHGIvphWwq75n2QVALLfeGR6GwwC
cdussyga,kogerga@topsy.com,$2a$04$w7Sj00S3E6hKt4OgeUOUDOG.irFQkoqXDxwqq7jzN9/ZqBJyakYOq
gwaightgb,mkarbygb@networksolutions.com,$2a$04$wRVCCnAiwNlMc6IfRSXtgOdf3tT0v1VvkNvkw/4.SAKtNxytIiiP.
atrappgc,lclewlowegc@ucla.edu,$2a$04$fr5g33IKdtO.c6qp4F.IuO5XiN8mx.c2HwT/QMWUAPXmA9sHsSYaW
halbistongd,ebeadegd@51.la,$2a$04$aN6MDuLs3HsVR0znpuOt3.rlTIfwBZ9crENr6Cugu1YQfAzq8xTLm
carbuckelge,cbluntge@gov.uk,$2a$04$vx/TCyT5YzjEf0OGtI2F5OBk7syQjENMTeZATNW5skIFmq6FJd0.G
sblythgf,rkingswoodgf@hubpages.com,$2a$04$BYRRyVJa1hSHdXM5pIRTQ.FLW7XVs.DT.EWILToPNpcl5bAaAfKp2
rdanetgg,tocorrengg@technorati.com,$2a$04$FzOJUUe8lTHB4.ODn50ADOtvZBTvsnzOaL..hn2dxLL24eLNVZtl.
tbedinhamgh,ftellenbachgh@bandcamp.com,$2a$04$LMRjgHj6t33hqBb2m87uPetoj5VWPjPfwybW/QR9hTr0dEJ1AoQnG
bshardlowgi,bbritchergi@yahoo.co.jp,$2a$04$7Ae7X9KXqk6UDaX6ZMFSzeQ5EI21tWUDZaN85Xk00VSMG3s/9p4dW
vrolphgj,imailegj@wsj.com,$2a$04$4T3MPLjXKS0XBSHEPU5fKe5tvpzfk32FOYO1fpA743kVQst.4JZPK
msatterleygk,anolotgk@loc.gov,$2a$04$lx7OoAJtuFzw/vp.B3ku.OPz3e6YKzAylDu8ASDEQlKS69bPo3NcO
kjindracekgl,ncogdellgl@un.org,$2a$04$gdg0lyJep6fcbf7t2MCateZ75WNpEdf3Tui8avknu0MecKvsRfJn2
foflavertygm,sborlesgm@github.io,$2a$04$GHqhCjIuUcSTfyU.0lA8hOE4nW.XQ3dkeE2DqQUuiKmb1Le6lDJQC
cbristowgn,bbarhemsgn@who.int,$2a$04$raW/ReqOarf0krV0ujMCm.b4bjRlEyFUjxd/OoHmAn7fD.ShqQoke
fkirlingo,cpenddrethgo@printfriendly.com,$2a$04$LN33ZsdOywuSGV9ZZtKI2.zHUnuYUBjBLlC.4DW2EO69FKJqGB8bK
dbuttinggp,tgerardgp@arizona.edu,$2a$04$2kxcFAnspSyLCIXoo2L5TOJPG6KLy.h1KQ14McS2.LjIVqcr1c5Jy
rcanterogq,oallkinsgq@eepurl.com,$2a$04$3JnDkuo.6DonnnzZ52xeie8sP65UItDTG86yy8x81E0XLFa4QOiU.
carndellgr,lgrassingr@yahoo.co.jp,$2a$04$OwfB4WarFOTfSVyjW97hsOXcxzQ8izl8pYnrSxJFW4XlzirH4G/i2
jhaythgs,cmarsiegs@seattletimes.com,$2a$04$.vO.tnKh2oj7uPusUOQ1euqABoRv6MhUPfXZn9/z1.eZjKjSlicpC
jinoldgt,bfendleygt@ning.com,$2a$04$ghfFKgqLtHkZQjjVmmxWtOxlCgRkbJRT80rZNU6oZ19xjjs/6ga2W
bcasinegu,mmaddigangu@latimes.com,$2a$04$crdOT400VSnTia/Qfb6Tju2Yb/8RtoEWF.j5c43QHKTYtj5SIxwxy
jplampeyngv,mbeckmanngv@wikipedia.org,$2a$04$dEsTSz520hICpCsBUfkaIeninJbEHvNzLKYSesyzNa9hbqFkTpMW6
fbecksongw,ealyutingw@usatoday.com,$2a$04$aNt08s3pvMnjHwlcTcodleZ9YEAtLxpDKfJ/zAePm8deO4BYmJCq.
wforseygx,falcottgx@virginia.edu,$2a$04$EDijyLgJ7cPB8m.TJfFnU..a0xHariSasIqnMIyKZakvkvuhALuUq
athiemegy,ckelchergy@bbb.org,$2a$04$Ll/ox/r4B6SHINNv.2vSr./pxazCZtU82jbz2O9LTtU5gZEWC8Ev.
cmaleneygz,jnormansellgz@ameblo.jp,$2a$04$YKV3fUdgN1lrxkT4heqMLO3ODQbUSqC3LRqOJQRgTqObJGztm4hci
wjaneczekh0,kwoodberryh0@newyorker.com,$2a$04$dUVPBAi2t.pGgjV.Bsc9re29crO5enVlVBrLhki2Bc0mX/4suaYVS
hfairhamh1,hnovotnah1@1und1.de,$2a$04$d/sTF2OMHvb2XtftViuRzOiVaxvj6Qc4380xV.38JHE.URxa61iXG
msmaleh2,gcrocketth2@japanpost.jp,$2a$04$Kfr/JgURyPoMpm.RBh83AOAarvVxX/dvd.3B.UZ3o6.bcXnCgID6i
krolphh3,ltandeyh3@hostgator.com,$2a$04$xGMzRdAxD/QkCr/IrVN6h.PUx5.sHHrVZs2hQbisipfls.CiEXgu6
mduchamh4,mgulliverh4@constantcontact.com,$2a$04$NAU5FSYtnJ3vqwQ4dc6MOePswKBvtjGgDCIxjOkeqCoBVDxdMXFtC
ngorhamh5,sshakeshafth5@wp.com,$2a$04$n3hvyg5JmuaC8Lsose2XC.kgSUPhZ/AHpr3aTUBKIkrIzBg.NcBwW
rsealh6,bcorderoh6@chicagotribune.com,$2a$04$tfORO6oDB0/t4/mgZbpUMus/Jvh60AVnTF3oftWz7BSEYBPu4YPGe
kwarenh7,mvsanellih7@google.com.au,$2a$04$H9mW1Nul4WCijZcETgmkpuumrDHxsOsxeIPRdjfZshqgqD405o8w.
gbendareh8,rkoppelh8@ocn.ne.jp,$2a$04$yiXDOVacSZJ9Qkkjdl99zeniJF24sCSn7T5ClgBilIugf7MQqLRlG
mhuddleh9,kmulvihillh9@live.com,$2a$04$IdvBSq.EmlOBOcEzOneyFuSm21QayKdf9bhlvRC13LZhlkOY51tTK
dwatkinsonha,mcuskeryha@paginegialle.it,$2a$04$HfW3kxxMb5PiRhPKmPyj2e520E6UIcFhdDeFISretktszdKDJs9g6
ddablinghb,acolstonhb@rakuten.co.jp,$2a$04$uemBaS9tjnQjCjOdmB5a3eW/KmwbEZ/FyHiIqsMybpL0Lhzp41XAG
rleggonhc,vmoenshc@salon.com,$2a$04$mlZ/VMVXtnY7d4MI3yfzUe8GNWJpKRhBvFpKVHNTl74D4XgL.ceUi
fokennavainhd,kwimpeyhd@marketwatch.com,$2a$04$jMZlxc1xc6dGgSQ7Ca3xLeGDHHlCsbcXix7A1bA6EvuPQSr8aZhDu
vfrostdykehe,gdablehe@nationalgeographic.com,$2a$04$7hSr0770.w0PWwMThU8HjuzOERa1no8H9QLVFIqjFVMGyKeIjIsMO
hclosshf,nwhykehf@wordpress.com,$2a$04$XHMz6QUw9gTmxI0xEmg2AOXMdIOH5/OLJTovxAhuBlKUbfWtiPQFC
ghavickhg,mcavilhg@yolasite.com,$2a$04$qJ1sGcDYLk/lwL40ir3fe.C32O61mhbDwXOwQuWCnij/lVrNwtOu6
priccahh,ttalbothh@github.io,$2a$04$laJVjE4rj5Oll.Ld1Y6Ci.yTxhDCoHrj8Frww05igJu8uwZCReTZG
ihubanehi,rsussanshi@fda.gov,$2a$04$KEmMSSWllw6N94Nu0JY0EeZ8yrdgId2imMnlmUCYXdkGE1p6Y8uJi
taudisshj,bpichehj@tinypic.com,$2a$04$bMGasaxY/UxMCmrfjttxJuAJojFIDSDSc/sXaD6e7JavT4BtbuJDy
telmerhk,ywildborehk@buzzfeed.com,$2a$04$RMXDDZHVc.GDx6nnNs7gSeL7qYexkDkK8sb343QoQzR1HxuL0y4e6
agoblehl,ssturehl@ebay.co.uk,$2a$04$dhuuO8u890M1ON.re10ZoO6NByJLBMOuTF11L/PLqi8ViIY7CHRGi
pflaunehm,omurrthumhm@163.com,$2a$04$zxscIKWux2LBnHq8iHNiPey8kxiKZYNPWi7oq5OV3jCYwKU.rAaU6
sfawlohn,tguestehn@digg.com,$2a$04$i77Wkxim./bpU/ZPJT92ku3Y/UCOxl0qh9LncYwDquoxCsWRqFB3u
clagenho,asweedyho@bravesites.com,$2a$04$sZ4qQpQWJg1/EA5MS/4ew.04Fz3mo/ZTURlNhWJ0tg2z/TGRls9kG
bcarniehp,ffromonthp@yale.edu,$2a$04$EGWD6lJEdns/9qF3JoBVeeNSBiCjzWisNcYP/6qrD4UsOH1V8uHg2
rlongthornehq,ajaquethq@seesaa.net,$2a$04$ZxZUuaBxq2rCSAYxfGS8qOVwI2I.0GBp205p7FDBtNI48tdEi6A4a
hcasarinohr,agemellihr@github.com,$2a$04$9maDlelv3tTmMQuwmtRD2OSVpQZq5Dqq5WDQgwsPCaagLuWfhYW3K
bgilpinhs,vcolbronhs@xing.com,$2a$04$Fh4JvJRX6/xaGwY5QKQu7.th5U.uRHPKWNfN908WTeYgDDgQ2x7yq
dorrowht,csillitoeht@example.com,$2a$04$I4WzQTWeoGKPJrRT2CSjaucvWuDp3cv4agqthGBCsjNxkgWPUXp0i
cyongehu,pjedryshu@hao123.com,$2a$04$TK2J1p6hU0qPuc3SZ3zsvuKJXZaHAQqriAvfisTKRwXVj7bqz/yxC
adroverhv,mstookeshv@photobucket.com,$2a$04$GP0BYEtLZoeKd3v3epnIK.weflqK65Mo31taXLJqQ2DziMEt6PJ6y
ogatcliffhw,dinchhw@seattletimes.com,$2a$04$VX7p515zlSFd/zp0QbeYXurL29BRc1JmJnIEmiIT9D/bT4jQafgZa
sstegellhx,hrenachowskihx@vistaprint.com,$2a$04$z.oFLEH3pFlF4wMZE2ioEeDopGNGyAP8dhR8zi7PUfo5iSFvRcprS
mdoggetthy,shenkmannhy@ibm.com,$2a$04$xad9wO8rfkENTBjAhm0BG.rgwgnAVOum3V7zlfQ..lKfgR7QwrrmO
rgladinghz,mdunseathhz@arstechnica.com,$2a$04$dyLugHdTecedBwSWX.pFR.vJChMVUk08LEQWiFpNmSl7Yhh5LsCSa
wrisbridgei0,rmattsi0@twitpic.com,$2a$04$KBvFMVRl8847pFaXVZnuEu.fyDAMb8TbIhmlMoHjxKs40Zxm2j91a
raskwithi1,tstantoni1@wordpress.com,$2a$04$KpZH.uZZ6e2hsa2CAYsjku94C3BhjBxMTE0rjrAcn1XqZhLUP6YDm
tcreasyi2,tlamzedi2@delicious.com,$2a$04$QVgIFsNXA.VaHlcegpEdE.ihnynlhjsBLE2XlD1g.AjDCIW8S4uNq
cmoorcrofti3,nchappelli3@ucla.edu,$2a$04$UlDOrbIZ5VWmn6oTeOARsehLv24VwFylPwBjNM2aWslp/2TRrx0Ee
kgilchresti4,gwhitwoodi4@columbia.edu,$2a$04$w4dd8gm/Xgb0MQmFxY8Pyeu5gNhHsDAvWzXseG2UTnLTHyT9277CC
kreijmersi5,acoffeei5@goo.ne.jp,$2a$04$uhqxp1jcETcIt.ov48R3NekY5FfsZo14GUgkkTgRNIwFq7YlKZJeO
cstubbini6,sscotlandi6@intel.com,$2a$04$G7Rdu.yHbkpQ2Lt1KP5Bg.VJ3ahjdWW1AWD1a3bOVtkb2H0NB6Lky
fdonegani7,lsandayi7@xinhuanet.com,$2a$04$5RWRjpd06w8T4u5MYyeR8uvkKBlJGNW7ddILsLBU7JY4v181NJQxm
ebernardini8,wpanniersi8@cdbaby.com,$2a$04$Mx6SjG4zUgXmkXCQtbsHtO44UT79sH2JfysnTXyfU3WMn3l3H0llK
tvidoi9,epersickei9@intel.com,$2a$04$5lmvkWu5Mb7C0vy/NZ/69.h95kfA015bJWDwxiWnHX3dmfg31JwZ6
kstockyia,rwildboreia@dmoz.org,$2a$04$h5BJ2awLoRSSYIAZfPA6OuKIaA7SDtbD7vBwXkCr1UzwRk./EPxHK
wantoniasib,caronib@accuweather.com,$2a$04$GBF6.9BqIdA/f7UeiN.n3upFg0waoKR7PXGIr5/7hK0FnBWB84DOi
ddrewsic,vegglesonic@histats.com,$2a$04$CJZmJAorzqxwRg.SYH09netPJDatmaE0/Xij/FFKeqYaAk8w85b2C
knelmid,hsemmensid@yandex.ru,$2a$04$rj7KQQ840iRyzj19o4NpJuqkG63IW48Hjn/2p0IqGXY32ZLma1yVG
mgoadbyie,ldrohaneie@theglobeandmail.com,$2a$04$LVWLc/uIaNm21ygaM3Jxougzk7KeS44lTTGeaA23NEyUoPq4pnN5u
pmacallasterif,sebbottsif@ucoz.com,$2a$04$8f4jWz/TVzSVLhl0mV9Hoeb8f3DNvRZGbGWq3TDLViRIH1N5GwMmG
phazleyig,dlazarig@shutterfly.com,$2a$04$UMXqdOcewUj4AUWNOr0RWe0NXWlJovH31lGCTarF7SSCrRRyyKvK2
mclitsomeih,mbolensih@twitpic.com,$2a$04$xkoakQyT0snxD1ioByWEXeZA0CEqW3xEYcE52r/ce7VWzQTrEmmOi
omcgrirlii,cgettenii@dedecms.com,$2a$04$R/IIisAPGYq91RuKLiiMK.Pc0E2sf3KBoU5Gt8QpogDb2FRV5iIwG
rreignoldsij,tmcclarenceij@omniture.com,$2a$04$r07Xb8rJB5G8PfZmd6G2tO9XsV1McIoLjsSH9XRoiWQFledIF5l0m
mbarnbrookik,smaxworthyik@gmpg.org,$2a$04$ug3nRJaXrwostciro3JEvuAdMx8OxvrEBPOpT9dxHH0tGbovFKynG
wmarconiil,lbagbyil@state.gov,$2a$04$28.BnJZxW9bfBPRGQJFvuuDQSxXd4dg3mcNBdRAkuiSJJaLgiusIS
kwethersim,mkitchenerim@telegraph.co.uk,$2a$04$xTTVqxE1mQocMuaWii6KzOeVPcjQQZDzVJhhpTJlM1xdCf3MrOoyO
cmoehlein,irowlettin@sogou.com,$2a$04$BFtAwGjSXvWgQU9oSUXm9unAD9VDjAJT5AdZgv0AN7AMlNtwap6bq
rduggenio,jirnisio@wikispaces.com,$2a$04$f8.n8t0DBNdlc2h0SK97tuvTq/omo53XCc2Zdh0Esz9jHxhYAQP7K
hbloschkeip,jchineryip@webeden.co.uk,$2a$04$2ZMUb1lmPeIJdHQAj.T6neIPeJwHzPLroNtxVIDR5EYHJhUG1T79W
pcastletoniq,bmorcombeiq@addthis.com,$2a$04$SCw7bFS5SsnAiL4s8jNekuY5puYMMnXYIL8QSg.5wwZXlwEnQ0ffi
tsaltersir,cmacmenamyir@blogtalkradio.com,$2a$04$cl.Y4H5HOxr65BwaW4hK3u8ehM.Wt7K32eexQ9RMZUrt1j.HDm3Ta
egoodladis,bchazelleis@hatena.ne.jp,$2a$04$eKACrNygl5KGpeE0uzmAfe2P6/xVYk18pAOJjKEhjdhkIhNQwxTfC
dconnichieit,kgiacomuzzoit@mlb.com,$2a$04$iUHwRvHfsv6H1i/Qz/2kD.DeSPErMzzPGIbFMuVl3XzlXRQbmHg5m
rnairnsiu,llampkeiu@mail.ru,$2a$04$4DBCxbOVojgLtMs5drF5BunomL3So7vwSkzmc3m8VegwJQIvMZ/Ma
rrapaportiv,ltwalliniv@blinklist.com,$2a$04$1.Psg5d2pdnqwOPDwpPVuO1/Mq1xFOOErkg3KrsdBDu2cafdE01aO
tanneyiw,jtrebyiw@photobucket.com,$2a$04$o48kGtuNw4yd4KH16RrOEeMjPL4FVw8pS48ApnpEJVwyjYlP6dlM2
cburfordix,agriffeix@sakura.ne.jp,$2a$04$mouaXGS.Z8iakAeIkPdPb.j6otMdMXYxKSdxWDfMB/CIlTdb/dKi.
rschiementziy,emitkcoviy@mysql.com,$2a$04$iLPdtDKEYdMdT47H7ydWr.yAjqatUmIhtW9t7z8GbvGn4NWgo4C86
jcarruthersiz,beaglingiz@answers.com,$2a$04$QhS9OzbqNgqvpUmbxJjk5uUJ95nQHo4BfhWGRwcAPrJJsjrYFkQsC
cgaudenj0,cshambrokej0@xinhuanet.com,$2a$04$RxSQgo1JPkdayWw.7A/RSO8MHVUzcY/K35570z0jtXuQOuOFW5dva
aroscampsj1,clastyj1@time.com,$2a$04$aFQy.nlEdZV6ddVe9tmZ0eWdzHchwUOO0aEYtxiihdsHGWH6nhY7G
gwitsonj2,djigglej2@hud.gov,$2a$04$2WXz7qfod6ucb7uoZbmOD.eqCU2o.rbjQN0pVWQonaw4P.AzYp5BC
hparadycej3,tolivetoj3@mozilla.com,$2a$04$C0WkA7fc1xQvzLRRPrvZEOYzLapjgU3ABSQRZcoJMscBb/O4TqVNW
bstannersj4,pcattersonj4@nsw.gov.au,$2a$04$qT4imI.iLb9zVQoYiq8gv.qpVfrEUAsqDPaJUy/K66URpgP5QV8Fu
llimbj5,tlenehamj5@qq.com,$2a$04$mZUcSvgCjGdRVYgWTC1Ip.RuOCkJIP9ERD0rIYuQU6BCq9WuNjqHi
lpawlingj6,pharridayj6@shareasale.com,$2a$04$jRcqcUOFR9fXYZJvF8yCwOXlWTGWMcRmjXASUgF9ZB.qd5HEW9bjC
zelamj7,jchelsomj7@apple.com,$2a$04$eV1Rp9v32euE2ra./uqxAeRbGQAxSIpKF.1eQNPfobQdcLp83kKVu
aferonetj8,abeddowsj8@privacy.gov.au,$2a$04$8LdIaEAOxWYqWC/l5SLUzeQUkE7814SOYUT1K11f.mocVAdAxge8O
elowndsj9,vcastletonj9@salon.com,$2a$04$pKpdoiMNfB6aScqK6S0OduHx7n/d4xM/YUer0bjPknnEJaChV/NIG
cottleyja,afieldingja@uol.com.br,$2a$04$iJVNEWmfu0XxGdH/3ZPYaOrq4zIVKW1fAcpjyFF7FoyGLtTHX/Npu
gbauerjb,mcurgenuerjb@paginegialle.it,$2a$04$1scs.J1ZoW0mqnGa1arVPunsYKQw/5ZTpCbdBmv0NdTeqP84M5Rv6
ematuschekjc,fcraytonjc@adobe.com,$2a$04$qiHCv6XtUumOsNVS25y2Mu5f5r77oXZmRdCsXMZnhdlQAr4jHXHze
fginmanjd,bburrissjd@nps.gov,$2a$04$CW8LIU92pnhYq4OJyGJ3be1FvTr13MJhaIVPJeinSbbtDDw9WeCMq
fmichieje,cstranierije@un.org,$2a$04$UibIeXfDSj3onNYcKsWXQ.Xfd60oFlqQFg1jsMZ6S.eBlYFKfjGNy
jrighyjf,malishonerjf@umn.edu,$2a$04$ulaSPFN0fK6KDLLfuOQpRuFxRSIX4Wsvt6O1xHohG/1jSjXUnQP8q
agiovanijg,bheinekejg@springer.com,$2a$04$.CfauZLxvv0DBYYZeIvBB.vP4hZChEX9ZODX7Iv4Onmd66YN5i7iC
fmacpadenejh,rfidgettjh@yale.edu,$2a$04$WL9eA8qxym.HujGDuKAWMu4qQhL5UGa4CO2nE659EsNar7zb.RWqi
jroutleyji,enevettji@newyorker.com,$2a$04$qErF0k6GlAhOUsS/Y8cIrOtHKNJbFfQe/1Qp4t.aUQdQ.r5P1PZQ.
jdelafontjj,flonghirstjj@arstechnica.com,$2a$04$gpH.ItjvRVpbAkOdI93mQek852krbgVT.5LVi8a47QKSK9/V07XVS
cskeatsjk,alorrimerjk@ibm.com,$2a$04$n1eEIwZW/0NRP1vnYBu7M.P0ezwcS3YGqGASBiTD1AZxm8m587O96
ewitherjl,mgreystokejl@census.gov,$2a$04$mp11Qe4.Bw6u2r9eBnYfRuud74QycQZuu3kifB0KvEMRWWRBhTd6O
lgrumblejm,ofahertyjm@sfgate.com,$2a$04$xpDec53C91U0kNUYvO2zueJwZfAF/cs6ZxVTsKvZCTfVR1RpF.TKO
minklesjn,wburljn@github.com,$2a$04$/mo8Sd4IqgPmcgPSntgvx.sohJqawS.9qPgkpK7hZl2xjEmZygAEm
npllujo,gantrumjo@bigcartel.com,$2a$04$kzIADHIU0zHiAitM4i9Mw.mrnlb4bS8oNEgjv1ho4zOqhuhEEBjnu
lcuddonjp,bpeaceyjp@shutterfly.com,$2a$04$0bnhA7HptN9h.icuOQvFA.OrEmxmhvFrtN1Xa00Bz1LHjmjg4XlpO
ksaltwelljq,phalfhydejq@uol.com.br,$2a$04$FNJ9/9jW.JMq8Z0FPYByhO6IY1Ocnl.Vt3ttQLZMJE6r/tTwUW9Xu
ecrucittijr,aluckjr@g.co,$2a$04$N5IVudRmThOq9G2fBJbXZu2djpp8BgVRnN0W/0pl4od3.cPTGo4iW
bsleafordjs,mripperjs@sitemeter.com,$2a$04$xlIxpmeTpTOKd5d.CXwdQ.sLSazvwGDgA3mIvxkiFnn7CXCwYonmC
nrodolphejt,wtremouillejt@comcast.net,$2a$04$IjAYjNlmGYu6HUUAr.FGo.EykFWd1NOsI9RDsGL87GlUCCxte8.jW
bgreenhouseju,rbeckinghamju@virginia.edu,$2a$04$53xPQt6Aeqz4.b6Kc5i2Ke9ArDTEENVuWIdtS6pkPf.ZQu8CnQ8TW
egreserjv,bflowerjv@google.cn,$2a$04$yyq52VeEeHRl4Uz4h2ZMa.24k9p3FtBe80jr0X9oW3TkpOX5siEm6
jnecrewsjw,ivernonjw@mit.edu,$2a$04$8wprLZlY9xQkXl0YOJipXeZeLTQVJ6Cl.6NHP72eo3Il.WS/OvbEG
rjosskovitzjx,sferrullijx@sohu.com,$2a$04$4hxPKS5fS4VMUwVf1Gy9ceNelNNQvrha772oX.qAu9atYr1.jmKhG
gdovermannjy,probelowjy@slideshare.net,$2a$04$ApSYq2cNbS1cX5j2SDrWae5MZWnBQw7bzmMP.uaY01nbWeGFQmVVm
fstothartjz,fbillanyjz@nydailynews.com,$2a$04$aotEWZOGhGhbUlb1nTNiMeUDa46S5Tv9O2ZJY8wjt7XBENRiq3dpe
csimonettok0,gbrunik0@constantcontact.com,$2a$04$pj70dZB9qBRzwCrPQp.qmOEud90xydpejQGcrBKozKVw82aPNuZvG
fleonardsk1,mleserk1@naver.com,$2a$04$BT9pa1bsHkRyXOGbttmxtukqXGALcEtkpmMq2bfgakVhdiUCWMK4.
rshayk2,hfoxallk2@microsoft.com,$2a$04$ggL9LA.MfoYMgmieu4vZXOSkenSTEyFIRyiLfFzs8tODmZ0yxtDCy
vcattelk3,mdomnickk3@google.de,$2a$04$BwcXlPJbTGaWU/xvACrZpeKuyhw.DF9XAoK29D0JwjfdYs.LlwiGS
rcornilleauk4,ptowardk4@cargocollective.com,$2a$04$nBLN94czcm4VSjrD0.bXN.Qgwdy8wBqRCr6NbRi2VODAStoMsxGe.
vbradberryk5,middendenk5@prweb.com,$2a$04$IkAHkUPZqqDv3G19voItgeYXqfTjq0V7JJlPCwn5l7..XileqI2XG
cotoweyk6,chickeringillk6@oakley.com,$2a$04$WNHEGay9fMcxYXcMSwcwMeGOKwfPBVivH3HCY2ssatIZfpMjN7Rk6
slikelyk7,lmccumskayk7@miibeian.gov.cn,$2a$04$uB0uUyEIhfvy5pWNqOuB..IfW5r.196xA3TP02wLtd1VhJKpgv2Nm
mfrithk8,omcronaldk8@1688.com,$2a$04$jgxhRm91dJMqEXbA7lPr1Ot8g8Adj2eroENpNqOasjqYTjtfZW52i
relvyk9,dvanderlindek9@cargocollective.com,$2a$04$UndMlEPjtv7bXKzVz8fJ.O9nDy09nheSYUegg3X9OI0OfddYqlHDO
emaddockka,mjerranska@typepad.com,$2a$04$wTvl48AJdALgskFWVDBs/eIJsrOydkli1y1W8rotIyFnTj16e9YFu
afundellkb,aechalliekb@paypal.com,$2a$04$2dvPgO5W0XrLXuv.sOUu3eUn3eRAEN55Cv1Zi55bqblmbfvaQgRge
ebrannonkc,tlongkc@wikispaces.com,$2a$04$8IBpIi6sqEuxL9hHrmstZus7aQepNMs0aJVjqnj.mEkdvKnDySr2m
cwasmerkd,candererkd@hp.com,$2a$04$eQ2YbeWG5XtV3Q/EhIYWh.qRStCh4GtYczL/4.ndO13zMWEJlrI7e
tjeenske,jjenkisonke@guardian.co.uk,$2a$04$wOPpmfauoArRwdBxvV0rp./14MYpCoV1.96PeXxpuKgoOnH0zFDeO
cfatkinkf,btomblesonkf@studiopress.com,$2a$04$qIBXbeC2.IDtYGcZS0lvK.lXFZ8vpdVHfP29YSG5t22dPeqQy/V9q
crobardeykg,jduhigkg@webs.com,$2a$04$l8nEsvnzO2sKsnKyQlFrE.SrQWc9sFKLc2Z2LeYuLcs6BxcSWCHKS
troosonkh,bsebbornkh@tuttocitta.it,$2a$04$qQbpgdy.FwzYAHQtcn5CUOCJF.mtkt4l/nRLfhvlzJnuruFz5FmYu
mpirazziki,tshemwellki@yahoo.co.jp,$2a$04$G.laT6Bbr5phDzGORjcJVuCxO.1T0rsi.oRemLksV/DLq21M5cPCm
ltukekj,mcutajarkj@bravesites.com,$2a$04$FP2jXI/nYi2n2RciKIL96OS7ggvzy9bNFC9dbsyQPA9AHHveEki5G
mbucherkk,eelieskk@sourceforge.net,$2a$04$IMjFtHscDluUAq2jG7Sme.IwFIUoXZfw3iEHG.9tUyidpeYBLlGSO
egedneykl,gmarquotkl@purevolume.com,$2a$04$.WCQdZvUB1t4qTYHj8WoTuajIXUC2VeEBHBFfrJrkURygRFo/nPjK
ewatkinkm,gdunderdalekm@issuu.com,$2a$04$PxXwqunDQoET/udsTGnUBe.d2zZZLQGDguK3qZdFlUGCSnNtYsRTi
kbrewsekn,vpragnallkn@flickr.com,$2a$04$bBlmsOh7E4SadGz3kAAF.egV8LhgOxfkmWcn6EilTC66ZsDHdI8xK
otweedleko,sburetko@studiopress.com,$2a$04$iFI7X1hNMoCZs/BEs3rKnuEPAxfzg5.ikDgq.zd6crIuyKEKM/e7m
tdummettkp,lpoutresskp@wired.com,$2a$04$Hl9OmEfv05qOlMH8cUgT6OKN9XGKNQbGZMNbHlKGs0a4GxuqLIanC
cboormankq,bkohenkq@gizmodo.com,$2a$04$oRp2hq1Lo.UoEze2dTzH2uSZHo2FDZwkX1CryJC41Vv5AVLoWRE5y
ewaltonkr,lclaphamkr@whitehouse.gov,$2a$04$UFf56nlVp1UGhZixTFxbJuNcVDOcGa/QY6jdvZW3LhyYDEsaZE9s.
avasyuninks,castberyks@ifeng.com,$2a$04$RS19BXqFRuZbEWDnD9fOF.hE/BNEnL62hRvNLbUA132aZFdMHKEY.
iwriterkt,ccreminskt@yolasite.com,$2a$04$EVocPxuyQvUCc/KNU0hMAer/luLC0UHKmCcfETeB8lKnfs/6BkPC.
losipovku,mmcgilroyku@illinois.edu,$2a$04$OCWrMUMZ8uS4Cv5L5Q41R.WMskawYsOdM9p8FEQ099fflG8jZ1Kia
lpookekv,shallickkv@netscape.com,$2a$04$QCh5.zs.LSIUSL9MttMVBOOQsh9Rzat1e71lUFWU0JE8vMVkRzmL6
opittetkw,ckofaxkw@nps.gov,$2a$04$ukNEU5udDysQf08gDdMLUuHYkKxRQWHprRMV6taDP8uU5VXGxRmrS
lskermankx,rbockingskx@epa.gov,$2a$04$wq4K/egPJe2QMAEDx8PVneIrG5dx9NU1jjtX3hRvKLvZwUU8SoPxe
lcindereyky,sdartnellky@chronoengine.com,$2a$04$80PyJhu0ufOOwfZKLJDAruHqVVjuyD9LzvGkowdaP30nRnHrXI6oO
hmatokhninkz,adabinettkz@godaddy.com,$2a$04$CNf8fnJI7AlQTJpBwbbYH.FYP2czY9YGIOrS2JHmHTSyWRgS6NWba
ndudmanl0,cdunrigel0@etsy.com,$2a$04$2KHLLuhxZ1rxqv.44eVNmOk2674kcuFa2.BsLTIyQddbNRE5yEGV6
thutchinsonl1,preisenbergl1@utexas.edu,$2a$04$jEef.9ff/GGQABSslq4kweeMOFfD3EyYEHYUq0YWuQWMMfcWTMK9K
fedgelll2,ebouzanl2@opera.com,$2a$04$.DKilxirrJfTSNM4/0GCDOdEZmRRgZHqw7prk6Urjl2tH3SlO1kWy
hcallowl3,rklynl3@nymag.com,$2a$04$CRIRUmpX1bIFaJwU6tGBDuVnGY96Om/fN.sSNYbBjGJg2hwQcyuye
hbiasionil4,vlavalliel4@amazon.de,$2a$04$txIYzo8N24nKCz6VGgWEEOCkg2W/qIQ/wmRm7J1juzXTNMxHkOpwi
wjakesl5,nblasettil5@dropbox.com,$2a$04$uKuR4x9AdC1.k0gBFyJU6eMMj2vt0jsbZ4virKzvMQeWnlMtV1jBC
gsconesl6,zbroxholmel6@independent.co.uk,$2a$04$ugcjv3039dv338KguGPShO45h2M6Xs9uBy1d4KWqxxBaLcD55HK26
bbenyanl7,jlaisel7@ebay.co.uk,$2a$04$.ub4nDSVCskwcTzARh9a1.jcYYlwpsGYyReKAUSu3D/8pUkCJ.jU.
tgrunguerl8,flohrensenl8@time.com,$2a$04$yX2ZUTLLP0HnhXEw8ecD5uRvamORMGzuaqP0ojDD6LnowWw5cnhwW
psaytonl9,kviggersl9@time.com,$2a$04$P3RhWSDtnThMEzmzJ2Qv4uWomQA8UCmhW1gkTHXGpT1BG6uKU4LdC
yantalffyla,mtertrela@dion.ne.jp,$2a$04$OfZ.67RjKZCrBW/b2hKjP.HBOR/2.wguJgfx3SpsJoJl65wfi7Bau
rraubheimlb,csoutheranlb@hp.com,$2a$04$2Z4CcmVuY2OVL.kW7BUpSOPOftDKJz..8P4RNYbtMJtzoa6epcrhy
mcastanalc,akaasmannlc@adobe.com,$2a$04$gBTr44FhhYOIpFNucLg6YOQ/Oq00fNIVtkKh8V91jspb0Oi9ENt4i
lpeatld,bmichelld@yahoo.com,$2a$04$p7jgRuyWgdGYaHU/RBS3Vefomx59Bt.szlnuj/I4/SeEfri3tyuKa
acostanle,baudsleyle@nature.com,$2a$04$cP99SIyOyDnH96iCqua1/uGkrfiGHhF65bXl7xAxvzWzBfaWuND/S
mcumminslf,smorillalf@acquirethisname.com,$2a$04$9oK/5o.K0g8SGvDq16NhOOlYB1DkVp5Z0ER2gzCrzWJbNfoQSAra6
gpoveleyelg,jmattheeuwlg@sbwire.com,$2a$04$wuN07dmAp09qJ5yKz718deSQYyUyKDpzRya5nDYG4bOamDtiU2q3u
repplh,ctombslh@usgs.gov,$2a$04$JD54xmncPN28UWjbIVP3eurJ0rafsvBy2MtHYC5IT6MkCMzTYPRn2
wgrigsli,dharoldli@slate.com,$2a$04$nkKB9O6Km0z3IeiwUg6bQ.5x69bOM4pJ41d6eup051wgI8o/Cf11K
emaccallionlj,sguiraulj@tinyurl.com,$2a$04$ieM9UNOjfqvdoIC7UBrqGOL2egd3gkvdR.SkzVQyJBSty.t7z0Xfy
kyakovlk,cakerslk@bandcamp.com,$2a$04$mGC5/6TrYBXr6pl3WKD1z.uPtBtBlPQhHDAGf6fEKU5J6HdSU22uC
erawlesll,tlippiettll@bloglovin.com,$2a$04$lD6VrCKoSSSFeLWXj5kpKeV4LfYDouh4arLcNzn8r.iYtQNgp8qdy
greavelllm,gmackeylm@nytimes.com,$2a$04$TXShQ/IbyzJ6w..1JZf5bOKZqFoIczqTyDJc4hhEvsu1WgTgygUWe
mdinjesln,mralphsln@cornell.edu,$2a$04$lVxR2qJ4ixFyVHg26A2IteBuW1kuu0ldbzSWvbxv9NJ0XQejUE.XC
khousecraftlo,rdelayglesialo@elpais.com,$2a$04$X8jlHvGuKkExysMYzcNdXucCrQOPZQIptDPfBtJ9CLlB/KUIMoXJi
demslielp,tcotherilllp@twitpic.com,$2a$04$plZUwMeLS5LFuw0T6GfKHeZDYt490.DyImkVE9vdG1GUDzM23M71G
droathlq,bgrigoirelq@cargocollective.com,$2a$04$8SW2IHnm8FKs/ZkZLnXL.eNIMvo3yu/WQla5ZgMUicce7yEqfz.nK
nevenslr,bandrealr@reference.com,$2a$04$sZxBqwV0wE/JbXh4ds.LUeKRRTr2maPUrCSXN1mxwPLL8pFGOhKSu
astockellls,jschwartzls@springer.com,$2a$04$IYN9D5ulvjEERaCqZUF/lODbRod4/xm2YiXWMlopS2fGKZzDPIENS
hkasmanlt,gpadsonlt@rambler.ru,$2a$04$tgba/TCoHEJRUoc/4rw4zO0/bEQ8.7s8WB7GoyUdgT8fUEj2SqpdK
dsywelllu,hmallabonlu@irs.gov,$2a$04$6WxVbloqlzQ8dRxOH0mKhu7jueTcLoaPi3LlONZkYerfCeBihRhoG
akelemenlv,lgalealv@psu.edu,$2a$04$KYwIhOTE7bwCB.5zPvWbp.jMs25UyakRxcVXNxFsnKRbysspqKZx6
sbinerlw,jwannanlw@webnode.com,$2a$04$l8Chae6ZdjbQzDE6e9ALjeti/j.a9bVA9cAoopOdKiD/xrVcdbTg2
ndolleylx,kilyenkolx@1und1.de,$2a$04$xs7oZDkfmwXeXcggKgvbIOeQDaW0NjUw9O7GAFshV1X8AwSe8t1Nm
yolverly,hpedelly@theglobeandmail.com,$2a$04$CJ/DsY2GG2EZRgiiQQz2.uT8tZmZ2Ied3KwpxCQ1HFu7fczCfe/OK
dguswelllz,kquembylz@hibu.com,$2a$04$bDEMwFVhUxgU7j0DTteV0uBqbelFgnSMdIr71ef8sgK5XaKQlM3KK
amacgebenaym0,mhulkesm0@netscape.com,$2a$04$Lqd1RGgrGaG4Ccs3xvF6leSg9fLRdvYhlEPVzNgjd1VVZUwWU4pDq
hmannoochm1,cadamovitzm1@printfriendly.com,$2a$04$.yDWa5t00Udh.KOvFQf1g.72yUiftusUnLGnwOF8OW8sb0fNMYxF2
dellm2,aclementsonm2@chronoengine.com,$2a$04$Imm7pmb2Lt/NLAVUR930dODMlPNLveDDZT53TTpKACc6T3Zmx4Pa6
klosanom3,smcphelimm3@scientificamerican.com,$2a$04$VGXtVMDqYGqRY5uOEiEyMelJ/KxJVNoRmdsHdxfYGKn5.evUNjdC2
estensonm4,tflowittm4@blogger.com,$2a$04$jzWljPq.JafuBWxLSGjGe.RCw58lPOzwZnU/ZpzXBi8IrYiqmxaiK
kdoalem5,dsoffm5@domainmarket.com,$2a$04$L0ZcDZuX2Ff6WXQR7uQc9ezyJrD2GvAmKj5V3TvOv6FOAj1COJ8wW
sshenleym6,holyetm6@wired.com,$2a$04$.oq/VTq5ituP4ljAzZHCgeGgEVHuMYDWpxwftYzxtUhTscpPzCXCW
zgilsthorpem7,apeponm7@abc.net.au,$2a$04$I3LBTJOvSTVwZoPviMdoFOBAxlmb9wqno6hR93nB8pnVXotksyzoe
frowcliffem8,wollerheadm8@dailymail.co.uk,$2a$04$NOd.inalHiERviw2PqlVT.yQ8/oT7gQfpnhEjfVxl3GfSr7i9b1MG
mfeeleym9,fhaimesm9@mysql.com,$2a$04$slya5LqyZ/zmiWDUFCVXtOqZTSJ9a7QdqGrL//UCieFxPTG4UoNtS
grussamma,protherforthma@census.gov,$2a$04$q.viRPL5AMWnqoD62B6kh.6DSqDpyN27GiRYhqf8G008zjbcqt0C2
fguicemb,bharmourmb@nytimes.com,$2a$04$DAZf71G93Jo1bbPb2ZmVh.M9NM8vuQfEDcaDQbdO4doUvYdSRs6Pu
etashmc,lmilchmc@deviantart.com,$2a$04$/AXsOh9HUvu172a1CG8tPOpzWhtHq890641iLFoLcwuTowSHAsRHm
ablasgenmd,fhuisonmd@51.la,$2a$04$BxdVXGIBZMAG4ZjWUvE.beKs108zjxWmiXRzczx9br5AOg/nWQBJu
cevertonme,lflavelleme@kickstarter.com,$2a$04$5mY3TXdlKxoilb04.gXhLO.GPVKjxwHszvu5cvih0gN8KUgJ/7xXC
hsetterfieldmf,ebrundrettmf@netvibes.com,$2a$04$yGtYFNSrFUa0KC3n0jM3zOrCQWuYhHavAN6GFeBdFjJAo.CpX2rxK
zrawnemg,bmottershawmg@google.de,$2a$04$CsBwY1v3AUNulAjdpiLXFOvp3GSoTf.xSzf722D04V60AbCbWl2WS
ctrusteymh,sjaskiewiczmh@imageshack.us,$2a$04$CLs6.9kxwtFASKK7Otxgg.fhKkVHRj2t/54FrrDH7BpKpURMgTj4K
spashbeemi,lrewbottommi@mayoclinic.com,$2a$04$XYNwjBAW.3BO7WUUZfOE/u5T6RuCpzUIOWFVTq73WH6GifXWMEG4m
ntsarmj,aacottmj@ox.ac.uk,$2a$04$Y8DOscxS9pI12qzH4WWCreIWJ7c.ScUsVEr4EejJnFBWA8s4td8Bm
mmcrillmk,rseefeldtmk@hubpages.com,$2a$04$zvjmo9hoaxS4nQMne9ODM.wiQK8NoYQSxGfrOVSiGQitm4uUhFaom
bwansburyml,bragateml@dedecms.com,$2a$04$ce97yKAomf0FpMUP/MKcbeVsipAY317T4KO5pD.8CLRQagcIg91Qi
mgyrgorwicxmm,sburdsmm@epa.gov,$2a$04$/01Yv.PkwPqbIONhN1PfKee.Us09.lEhhGV9bL9hK7IevQKHLhhpq
fmitchelmoremn,mbuckmn@wix.com,$2a$04$sK4Ib/KdpLKf3MWBWJkVfuFwHKnMPFvAYSoHzpqMD/KnqusztoINW
rlemariemo,jpaxtonmo@hubpages.com,$2a$04$eabrW.5ukFqq2vENe77fvOU8xj3WHt05uEKBTS64Qmmu.Tl3cSo8y
emcvittymp,hbennmp@chicagotribune.com,$2a$04$YbsM3dCXC8jkKXoh1VNMeeYMpBLFMQOwiedxW8azWb2Sen6SrevmC
bmactrustiemq,dchatellmq@joomla.org,$2a$04$7f.xouHoMomjaYyvdDyeY.QDB6qbFOpC5jvTcifzYOijK4NF1rbLW
ccookleymr,imaddinonmr@github.com,$2a$04$bVFmk19MClRdEdMBbbFZ9u/LRk1KdVA3K5zopinoLRTzZwWDcNpYO
abonnorms,bpoulterms@ucoz.ru,$2a$04$uScM9dHMnMjvMpOhI4LS5OHEzLLXOJqWUue.Xy6PEYf4lS.CrP7xO
dpartlettmt,schallendermt@geocities.jp,$2a$04$XEkUdZXoOK3W3JZ/WYd9LuDvFoRAPsW9px5J84GYwVPRZk08Y/D1y
flehucquetmu,emcteermu@csmonitor.com,$2a$04$XZuyoEf0p0B1F6VjAtNgQ.Hql3C/PnqBtJmONVxn2qLex2cnSaXUm
tflockhartmv,pfillonmv@chicagotribune.com,$2a$04$niORiK58YzXOcfyubL2WBOsgyKUw1NpetLMnT6CZtZZH7LHmaUsvG
glorandmw,hbalcersmw@bing.com,$2a$04$HWPQ59pZoTvx7pp8X90qheAp0/1RC2OylwpkQEWcbxkPoMstKZj2S
vtwelvetreesmx,jturbefieldmx@yandex.ru,$2a$04$EXPNwUKENvlyRMqXcvmQeenl.ZSL5PoR0txp5BPil5lH4nZ3w/l/.
gshakesbymy,mmanniemy@merriam-webster.com,$2a$04$AMBHkHmZ/xvkKaF94jCUi.TUZZ4uUM9kVaYxqhZ2sm90SpLpKy8O6
hdehoochmz,jjewersmz@chron.com,$2a$04$GZmoDTsF5VsGK9V/DNahZuP1y3PnZgI9UEA009IsxJDseXeUUeG0W
loglesn0,mgairn0@google.nl,$2a$04$PnLUWHgoAV.zaMHCogs5A.wCLdlZv66ixfzeJcBrNh/jV5xAeOata
eburrilln1,kbrycen1@drupal.org,$2a$04$2UZHtPUa7x0cQJbMnuwwBe.HmmChsNXlvyUOpMSrqAaRciGEgmAGK
wklehynn2,lhatherleighn2@icio.us,$2a$04$rJGR4HNF5W2a0w2Hx0iDluMb0oSbtZc5NBirLrXGiGKsl.4TJPSMm
mdominichellin3,mpennan3@businessweek.com,$2a$04$tLPlsHkS6XjRtu6Zsbnl5ucHJMRLPALVT49mnGZyl2qopdPRamINC
ebenyonn4,cexcelln4@utexas.edu,$2a$04$EWl0SeXtCUSWzt8jpDmLjekLWt8I7q0i4iBxWc3ghaLAYH.7okqKO
abarsonn5,afeighneyn5@tamu.edu,$2a$04$/IEwBKiUkVEvMfkuSctOVepe3ooTpnHzxBM69glOWFioTEmitmU4q
jmagnayn6,rwillersn6@nydailynews.com,$2a$04$/zruv.Q7GSPBpKtddaYvmOPmpLQyZ.CudwvAJtG1iIqTEsRxcChj6
mcheersn7,jkynstonn7@msu.edu,$2a$04$czr5jnMP2AC7X2s8oRJm0O2Q8ao/UJp14kiXZqfDigpJ8QyMkImz6
kthormannn8,rselewayn8@blog.com,$2a$04$6akH6OQtCQlUKcQ9vVevle2TxiJlpckGuUZsQnfku6Qb1OtWamF9.
amacknishn9,vfidiann9@people.com.cn,$2a$04$/JelOjmLrt0vWPxs5T8HRuOVMe7bbuVFNWWzYqqQE3C14GNwnR.Ji
aitzkovitchna,gespinozana@cam.ac.uk,$2a$04$/8W4TBEpuxo4UXm5UTO.XeLTh2ndUAiW43vABNLyz8qjjWv7RADh2
tvawtonnb,eondriceknb@topsy.com,$2a$04$4pce8mgYwk55oLajKujkl.BOlxRCLWAxfhagoNtwmAZKQzBMCtyOq
kmccuddennc,wwinsladenc@zimbio.com,$2a$04$oCX3cCn1EMn1mkgwIsvvuOEtGq5ocjB0lDH/JtxFuGmepLQo/stjy
adullinghamnd,uherculesonnd@seattletimes.com,$2a$04$Ak2oH.EplF9WuhVM3xkzAOkmK4nCPRCNLPsXBZ8zqCbXlYYYo/7nS
lconnettne,ciacovidesne@sourceforge.net,$2a$04$SboB05UQcrkkh3JOVIKXYe5wcSozJkNkEZnn4BoZFDfbkoHYMkXGK
kmcalisternf,eswaffordnf@ucoz.com,$2a$04$O/pRZcZedn2LsBIkov6ATeH5wfxFM1AegbgpYD6IiGB0ouVztmIvO
iyedallng,wjelleyng@imgur.com,$2a$04$wokV2VTA2pUMkt5BlCctwefPG9pKnQpoCoSzfQa5MxA.p/qj11Q8S
sscroggsnh,abuddellnh@bloglines.com,$2a$04$WCqKYliM1KXSvwxRCTZBkOhO8sAtMFYbR.kTxIiEDOhUnd0VPmg0u
mmccallni,lkerfodni@cpanel.net,$2a$04$UgyGzL6XnOqd1DVd2AToKe68sEE8XZsi26skHX4aaMyYAUTeran6q
dstutelynj,jkarpmannj@live.com,$2a$04$pyHctXmULqOVY8x7O0EEQOcoigwemRrciMV3biX/2FdhuBRlbMIpW
lcalendarnk,slealnk@earthlink.net,$2a$04$F31PxWQw7nmbB7cVigO9FOij9gmVREP9cWI3CSTuNpdEosx08QFiO
cluttonnl,aburcombenl@illinois.edu,$2a$04$pxAs1q7jSXvBxb/J2htcU.rZjGc42RZ9ScuE4i4OrLVOXiwHcyBXW
kblakestonnm,preuternm@usa.gov,$2a$04$ROSxqC7Y6L8uJglBHMMNwuHp1y30dKJgYfjeG/fleQ/FeNDKYzANu
rseeksnn,ldowseynn@artisteer.com,$2a$04$BJFQB4Uij8Jb/OLa/x5tBuqWKRYuk8Nu8ycKiQfO4uibUVa34WxMK
gbletsono,lconnaughtonno@reuters.com,$2a$04$QHwE.xNETaGBx.5vYQ99w.AdQQbZ7Uyx.88fJvdv22OH7dVIv60Mq
aderringtonnp,rhardynp@java.com,$2a$04$kgTBNYgeuEF.svhJEpSI2.Owq8Gx/rdwOyzHiEwXKAeDakX1SVc.i
qmckinnonnq,mwehdennq@mayoclinic.com,$2a$04$XQ0n37110yaUHwTV0Rqld.Jr59PVhK1P2UWPNzZyeLYofnji3heOO
gmccomenr,awolfendennr@flavors.me,$2a$04$4.guxNfpXH.5Y7XsTNaNMe.Hqd99/7FacDFrnU9dJHqxEwszk8NEy
cwreakesns,iburnellns@weebly.com,$2a$04$svdsdx.apMoAZzML0e5zOeRiwi0vhT4ofNCLcEgYZG1kENxLbT8lO
mcanteront,mwormsnt@flavors.me,$2a$04$.FactNjH13b4eZoqeCtQtu8slt9sLl70YJc5sOCGAvhsh5TlbsS3C
rfranksnu,vmewesnu@nydailynews.com,$2a$04$y9nxh0lMB3DVxcrFn7DNmOqhNCmD7uoT8/fKKgPqhHAhmtZM7mZIm
lmatuszynskinv,ktuttonnv@wufoo.com,$2a$04$uPsfMQUBJkl8Tib34CnMjeAkqDbPB4uXac0gg7ZcWrzzfW/khOVCy
strevorrownw,awhalnw@webeden.co.uk,$2a$04$X64E/HYe9iIuTBHN3Gbofekws68bbiTf3UQ54fd/ubwWXxTz1U5Zm
cgeillnx,gcotenx@amazon.com,$2a$04$7OZd28j4QvNaTnAXC9QGPeARxFs64eJgnFY4IBNO7qp9QW7GuGIa2
nphilimoreny,mliquorishny@japanpost.jp,$2a$04$xY3BN4rHAL/Smw.ID6JRHO0imb7FDZd1JE7z3vmuNeMBk7vgXHcBy
eewensnz,mcheelnz@google.co.jp,$2a$04$FQ5QboV1oWBeGmUMux9oguLRokOet0DpcbSeWXiNUOAtiIG1CTMcy
fsimmanko0,jdilgero0@newyorker.com,$2a$04$0D.eq6QejV0Lhv0FVdgHo.BAAtNV4hjFzBFAZqKJ1NiKsRd7cgBCq
amacaskieo1,rfrancesconio1@foxnews.com,$2a$04$sq/6L4lEuAkDDeXj/Q.Jh.2U35maqfyieSbuQ3cR2WjRrK6RenMHi
dsmithino2,lszapiroo2@tmall.com,$2a$04$H4N2ypaJIpf1zJh97lZMoujoekNUvW/D7xJ4Z8e0S/qw3BWImxGaC
achattocko3,drakeo3@webmd.com,$2a$04$.R7Bt16rZoPK05kPgPMVA.bP60RW1o2jVKNuUrJrwbVCo.JcxT4c6
etworto4,dlotzeo4@ucsd.edu,$2a$04$oR0q/VjvaO0x81lqLp/k4.12CJYa189v9HHPnEv87Y8Gc4WLJKaUa
mwolfarto5,mkolodziejskio5@huffingtonpost.com,$2a$04$Sk1U0PL4.OVw7py5DjAYW.XaWUBG7KAkhf4e8rYhnCLbn5yqGDRna
lmacgiollapheadairo6,jsumnero6@usnews.com,$2a$04$iwnJ9UBu2PWwKBLsSFYsy.UZavTtAhk96kTFV31BlBLCSshcG3dJW
rdoddingo7,kbatchelouro7@wiley.com,$2a$04$mhYjDR1ElZAst77ZeqZKIOGoL5WylPHEsCwOyeMc8lG1CrsgKoE1i
trainono8,mwarmishamo8@marketwatch.com,$2a$04$I5iftQO2sRfZ1ea0sZRHJeEmY55V29h8HElzmptu32zIS/kU7.nmu
eoleksinskio9,rmcquadeo9@vk.com,$2a$04$uJ7nB9Ju3KquuQSDF5ZEXe9a9XkdyuO1KJcgVtgeEyjGn.MIU5WD6
lshortlandoa,vspurlingoa@slashdot.org,$2a$04$ejvRLJhdaNS/BkjVjXd0SefHIFXmPopaAC6yQAXj0tr/UCfX/w2iy
gkenworthob,aoflahertyob@cornell.edu,$2a$04$WfBVLJS66EFy7wxNq/C2E.tCyhw4ib9cxvB9HotouItByFBYuxRjm
fweatherburnoc,elanghamoc@deviantart.com,$2a$04$JTT0HwHB4XlF3/eSWhx4FubFz2LHAsLZmeZs/Y3ADqogPyADbswLm
ajahndelod,cellsonod@cbc.ca,$2a$04$HtmkixxWaDTv04qG/aNOIegDLmw4rW7LI0Aw5UMMW7BtCWo3eZbtm
hcallacheroe,ssteckingsoe@jugem.jp,$2a$04$B2V6RSgHNYiWkUzeRLBtQO5fAW5B0Z0b9GJFRiqHDHsrL8VLGxwRy
tupshallof,npetrilloof@baidu.com,$2a$04$I2vjAv3XZyBhXDwz2k6qfOPsnwGO4B6FOZNgYUmOn8w07/k.IB6Si
lhollowsog,oitzchakyog@sbwire.com,$2a$04$XkowSckEfaqEck7x8xek7uxTjVr73zcuFi94LBZHNrDDDRf72FuV.
sstrangeroh,misseleeoh@phoca.cz,$2a$04$zCArJPCrVyrYS1IdhB8nleOB8jFPSi2.1c/Fo7kNIuiVer1mAY1mi
rlacroutzoi,ebaumadieroi@discovery.com,$2a$04$YvXRb0AMxMJTPkT1g3/NZ.cYumTWMrdrRWe4JaM2gUu8kqYM.s.M2
doffilloj,bblundonoj@house.gov,$2a$04$OQGIXtAHgoIxvjNN0jBHY.S2urja.UsSeJuu4m.ug5jqL6.gjXdeC
olavalok,bwiseok@mozilla.com,$2a$04$ChMfRGo83ctMBRuToJ0.0eeWmC/gXpxRonhf3hASv/.V37ywkhR6q
mmurkittol,mquigol@godaddy.com,$2a$04$UWA8ycvVgTztGFSIWLHZaO96LG/Sf8ZNId8ESsiBMSFckOIXr7J5W
jlandalom,asommerlieom@berkeley.edu,$2a$04$3JqROOaFJqHGT14vKomKMeAR.EjVIItCkoR5.WLTylVALohWtkkvG
dsymonon,nravenson@seattletimes.com,$2a$04$l2MwF01RSZm3Hq6IsCtxruvntrWH/liiFJQg5KiDGbDy4YCU4oyFu
bemmaoo,fmooneyoo@zdnet.com,$2a$04$HTubuPOtl69sLPpHNR/D5.aiYYTDcORZjG5.nWACnNGF4kBRXoT56
adibiagiop,gphilpsop@altervista.org,$2a$04$fRsKWJ.3EqQTmGZ7BHSf5.F8NrpZD1VjQiuhAROEfzIYgpN4CISGu
karnooq,akeitchoq@cafepress.com,$2a$04$1SxW.BcrJEnjv8JnFinFiOUR1kuRQECsJeZkumdzrBKiF3uwtEw52
pwestmancoator,zmackissackor@mapy.cz,$2a$04$9u/GLuG5tAUaeDSF9qGnKO4d0LNowyuSi6/aIBWz5bq1fFyZZ9.wy
cmaccaullos,bmaricos@so-net.ne.jp,$2a$04$iAWMSatfa6MDtQZeLAlOV.XI8ts2Amk.inbxm.vQuJkEqKAyZqnqG
toxborrowot,eflowersot@ow.ly,$2a$04$KFJ3VGyUOKM3PNK8N8NfPOrac4eY0ukjqWRCnIQeIB.8Vfse1WbfO
asallaou,hfackrellou@rambler.ru,$2a$04$nwcqvmsPwXEeuGW8E8zDU.iwm.WYwL5Z0KmxzyJJ/a5jzoPbt2CXm
lrenaultov,jmowsdaleov@toplist.cz,$2a$04$7mfoBDJ8PwH//WTqZnQeCOWaZ0uYOBbiITrRBH69ufFXGj6KXm5By
jjoderow,dhatchetteow@xrea.com,$2a$04$UXKIlI415Ck3eFHyIaEP6ebkjmIwDH3ORyYxOhaPrRcSIOoC72w3a
sstentonox,flinehamox@gizmodo.com,$2a$04$JKvAh.eJP6j8ILJbDZn/O.2cYB7LxoXh/ISy90nHa.SMC1oTwatWO
hcolebrookoy,sbasterfieldoy@over-blog.com,$2a$04$Di7i.IcR6HHG52DIk2o5a.o4oj8aRGFUulvGtrNDg5zHit92AJ1J6
mklimekoz,redmansoz@timesonline.co.uk,$2a$04$nMXBkud5hkjNruICTIqqLemx6HcO3ZfCAP5o4zrrcPJabS3XXXqTe
fgiacomazzop0,jjonahp0@usnews.com,$2a$04$E2yumwcNRCtkDdudrm4Feez9oVBm4GZU9kfyImffca4UwfPcBAYWS
pemminesp1,tcurryp1@cbc.ca,$2a$04$UY/6ZR.zqASDViE0Xkq4FuqY5StoNEvstNREb/sIlj56Epe.xeR8q
nzaninip2,dhoferp2@cnn.com,$2a$04$lUjK4bXIVDTDz0stD7hMX..pgTtZrMcRMu6mZUD1TMKyCYZLNtZ7i
jlacasap3,amatteip3@ning.com,$2a$04$JyOHS73SOQ.3gM0A0IGwzuOGhyjU0Xd2Fco8RmjU56tZVCnh5gT.e
gbrayleyp4,dsquirrelp4@google.ru,$2a$04$SDRjyuEWbbFWAK9EHPX2gO9oIfo2suQov.Von5.wkiWGy2tWXSC6O
gzimekp5,gburnandp5@tripod.com,$2a$04$zoU2dyWxvv.g.U03A37/euroSLSPdJqFg73WA/yKo5a1vAzMinVD2
mskonesp6,epichmannp6@europa.eu,$2a$04$eHeh/mipSlue6gydbae46.7H1cMHGniKDLL4oHfp9DNTn31Y1gd7m
marrowsmithp7,nneedhamp7@fda.gov,$2a$04$3sioeVyF1IhaBJbiuh/En.uC8VjUeskaSnFGW1ra81ERJWjOshBV6
epiattip8,rdmytrykp8@harvard.edu,$2a$04$.3AU7I.IgJZF0/42ohRIveQs63H8iAXTpI91TCmS41WB8zvBax00q
kruckhardp9,nbampfieldp9@examiner.com,$2a$04$5RQJ9RwHprWyY.GJc/je4Oil7N5/hFuQiENzVZ1SIUnTxS71RlHue
pkerinpa,wnajarapa@com.com,$2a$04$r7h1xp0Z0zYkeXD9YN34KedYDzB7t7NbpP7lYZyK2WAF75qVpAHli
seringeypb,tbassopb@delicious.com,$2a$04$WJN/gxnpCUo9t8kKu2XdVeSc6aB.RIgdxxCqItnq4PAKqsw9yzUFa
zyakutinpc,yyakunkinpc@nymag.com,$2a$04$wvb.yvnir8Dg0AsRTdwAy.fgg8HlxDDPcSMKEYlOVqGMhYSimR7zO
mmussettinipd,ljozsapd@wunderground.com,$2a$04$xY6KMfizlwsp3d2qjHm6l.F.NK6uTFllNeHVLvxyROU52eJipMQ9C
mmcgoldrickpe,drylattpe@ebay.com,$2a$04$n12WfPkOaW2ir62A1Nvg0.fdfEWcQgVOvORBtLWDzkLxSulaZvpDy
cstairpf,mdechellepf@rambler.ru,$2a$04$QcRqgQkVj6153k/cxzgfAu..lLn72zikoYZGdFJZNvY2r/gqrcmdC
gborthrampg,gskahillpg@imgur.com,$2a$04$HPqPR.pjzIY34v77BcQ6Oet.aJg/NYYMT9buEOquAhm90pg8FCJYS
afarishph,gwoolfordeph@cloudflare.com,$2a$04$2z1OsVQkpcpfQs/1a/tLoeW6P1JPp245AjRplEzkpC7iX5b7pK79S
nerrettpi,aarnizpi@google.com,$2a$04$PJHutjltNsBJSHzvmajZAuE6FrG45T1fI1AAFbyo4x7V.Cd2S6X3C
mclowleypj,ddawdrypj@sbwire.com,$2a$04$eN7WqU8q5yQYMNeJDeFDA.W/9kbMVzvF988YRy.1sMx.eD4N7gAxC
mjenkingpk,wodonohoepk@reverbnation.com,$2a$04$f2QWVarjwO9gKQ4tWyiKy..mhnMkwNtECufnLyZlPdnvVpKT0cmpm
slongworthypl,rlorrymanpl@guardian.co.uk,$2a$04$9iDuI1heOYkL2dEnyExDGOkpCB4f9.99NbBFBxuVSZNE.7f5hM1Nm
amugfordpm,mbagguleypm@indiegogo.com,$2a$04$ZEQEFgrME4qfFtZZLhbeJe922qt1o5zcz9Mxi0z5gGWM8mq2h3tDi
tviggarspn,hellingtonpn@ezinearticles.com,$2a$04$rzshdZeIjGj1uoLlaqblUe62ZJpca49n1hlNhXqmZrR7I8Qc3D8qW
aplaskittpo,zripperpo@elpais.com,$2a$04$dQ4gdUvIsLYUNH.V.izRVOx9r//J0gzG1bzQ55exiwn14rllcjgUm
fbellerpp,ecallinghampp@google.com.au,$2a$04$tAnF6vl9d2SHVs20EEakWe.Fsu.z1mywTf6XP8T9aCyNVBPF3DgLO
ldictypq,eharyngtonpq@hp.com,$2a$04$6f8rmMbkTCDFkIZBrQ3gxuj2DXdyvB4zImSXz07lcJN0OySObRGJm
wcarisspr,ltschiraschepr@fotki.com,$2a$04$W0oxbMCogmS8fj2y8KpAbeyKU9Z2bDlzcX3WqQuLdTJ6zYur5tao6
taitchinsonps,bsedcoleps@thetimes.co.uk,$2a$04$hhk8dJ.JyHRaxyYdWUqUO./BDhwFaFXnvMx99VBBD5q9Eyjsel5oC
cbogaertpt,seickept@so-net.ne.jp,$2a$04$hHgZSY/k0f2wyGT5DvBkreqyuqfiuXpDL5Uc.EKz1KSCmSuMxLjgq
bbransgrovepu,amactrustiepu@whitehouse.gov,$2a$04$d8n9BE.lgtlzLt0lhath0.oGTjwENdLlcQ4EmOawEhRG2QjROow5m
tgwinnpv,jgrintpv@npr.org,$2a$04$yTAMba33V2x.ZCLcC86hO.gxMWppL9x1HG6A9cbb7Jtk2kTpCMEoq
agodleypw,cjouhandeaupw@storify.com,$2a$04$6sUfM232Z35LleV.bKfRLOtdsT8psPOxqpi3CjUCdzylUA5tWAsB6
dbullpx,ndudmarshpx@prweb.com,$2a$04$oz4Pqw.mzLrXCMHGxJt3l.ON2M6g4pptk0qAsrOpQEb/RNK6Zqa6m
cglentworthpy,elagopy@e-recht24.de,$2a$04$PTONhc7WB8NASy4L8c4HCe4iQaPzHWWkcF37tmtKffteR0InB0LwG
mdevoypz,ecullingtonpz@odnoklassniki.ru,$2a$04$2ehAvT55ehpw9e7myBD/T.l5jTzOkOY6zmdRiziixldZnD/sFTBsO
lpearseq0,rdavidaiq0@earthlink.net,$2a$04$x79AHEqhf0eN3OyK7lyw8ekW7ilbSklN3AdmrdCeZdV3ytY7JjAMG
gcarabetq1,ssymonsq1@youtu.be,$2a$04$Kn7TwxQVDmAKNwV5s0YQne4Ca2.pMD2PHbJDVmS/nSxQcPjnSl7da
grosensteinq2,labrehartq2@myspace.com,$2a$04$yniBXcAftUWMGu53oYfFuuN9cfbPEZxcEStxXN1xN0zOBxEAcm/XK
gbennedickq3,cmirfinq3@woothemes.com,$2a$04$BBCORrAvN7reElXuoSkJH.R8LRPgG2Whyq.sST.uH4y/yguAUl4oW
jglanisterq4,ndannellq4@cbslocal.com,$2a$04$uNg6rgpaHjKdvAQikhP2K.dw6b7POSeXbBGLhZsk2LSr7QaxOQeM.
tjanuq5,mmundeeq5@independent.co.uk,$2a$04$gjhuxOkLo6wWrkqouQpaMuVCiXV190CpoZ/l/iOen7FVreFQuJeKW
gnewcomq6,kfurzeyq6@wordpress.com,$2a$04$ax5DgRzr2SNFRywuL3n4U.ZVBqWMaB54WKgiu1nhqm7/b1aYGleTS
irowatq7,lbantonq7@nasa.gov,$2a$04$3Wen9m6NV4wZTl1nGorx3eVjSS45Ukw3rGaQp8/gVvHEKUhr/1Opu
kgounetq8,cenockssonq8@1688.com,$2a$04$vgVQ7oTm6ArqZvoTPzsHPehwg0kne0/UuyIp88gcdVnDj87iR6Mhm
mdenisckeq9,cnormanellq9@bandcamp.com,$2a$04$3uKXKwlgl.zvdVihDeqRDOYsGwbzaiKLvvh8W9m0xAJREzOvI75/K
bgudemanqa,mmauroqa@noaa.gov,$2a$04$qNvsYUN71fSviW6uceryNO8SpNbIDU89J118kUeUmqghwqyuIZZKS
msumpterqb,eemerineqb@senate.gov,$2a$04$zsdDiO9Kzih3GV29t//dvu2ycdedfwhmM5qaN4xCkSajopajoTT.O
adoyqc,rdayesqc@prlog.org,$2a$04$5vAu8yf9iOI7tNCf9P1IsekizfLwGtDynOjtk0JZv6WOBxaCrY1w6
mstickellsqd,agotcliffqd@lulu.com,$2a$04$1syTw90xG9MNFZUhTs9ArOcPfkic1bKYP8YlGnye7adkv3VW9f0PG
msollomqe,dwrenchqe@rakuten.co.jp,$2a$04$8Bq6O3xAfVpYtbXOuWKkUOF8lEi8WXoiSnQspQSEmyon..zr7084a
vspinozziqf,lbankerqf@nydailynews.com,$2a$04$UXEANccIorlrZVahWxkMXe/wJ9WIMqe5247zufsVOxyqU.TTB9HWa
dclitherowqg,oworganqg@alibaba.com,$2a$04$B6AH2sV4hQVOomEQ6XHvGO//JxKL5DyCXbhK1ALoOzBZDderdJ9oK
cscrowstonqh,jmeardonqh@salon.com,$2a$04$EC2.ROQSSc.Rh.vBoJT1BO6Yb35R6hPmH.mOOYvrNq38Y2PVEH6kG
alideardqi,sriseleyqi@google.it,$2a$04$tzYkj.WWQlZCHUdu0zah4errrklNYhR8dz/A4DK38X3zb1g5o3rOC
lpettifordqj,wlaingeqj@harvard.edu,$2a$04$c9y6564Zi5oJgelzjiUOX.hJYBHiguAR/YThYegMO56zeBXsYSa4q
nkearfordqk,rsparlingqk@goo.gl,$2a$04$mFUT4FVOoFI6GooMmrbTKeSj9uO75.S.N4PhtVOBGchytVrxuvAo2
lailmerql,dbinnieql@de.vu,$2a$04$CiaaKdx2V/LA6zms.TrQK.17TBTnsJtUWedvCXYolL0TFW.VBApv.
rbedrosianqm,rappletonqm@desdev.cn,$2a$04$YzzuYb7cfm0YKXpTcwz0j.iPO3Y/BL.SLmOTxzXxbe3JGJkgcjim2
gsimonittoqn,mwelmanqn@altervista.org,$2a$04$L4Xu/V8ARhK902Skc03MneFzbPiRu92lrgdaT6blnJUH3Y6OvG.JG
cmorkhamqo,mmcsharryqo@github.com,$2a$04$Y01dKyE5THwgRzJpt4qA9uqgjq0MxqovWfBYrDZUunSK3ufJRVHMG
twrightemqp,pbulfieldqp@lycos.com,$2a$04$MvTaR/ZvuS3NvvWB9BhSJ.WQjR.CNfzhcX6/cBzP9KC6pAkM94VxC
nwederellqq,clittellqq@sfgate.com,$2a$04$0c4btd6KlEu1XYv2Sz5qaeWwWUK2xGe1ws.VvRhWeIR.pNk7jkzse
milyushkinqr,tdorninqr@deliciousdays.com,$2a$04$5Z1VuPPvZOmf0VFBb1YH3.9JrosNCcqMkJfdb7wMbAdO9p3GkKYGS
ahanfordqs,rgransdenqs@yelp.com,$2a$04$TKOZ4YjtaA.E8zGZBUZ4weRZMQ3PURe1e1OYtuW1vE24Qwlf6Qe2e
akidgellqt,sjindraqt@yahoo.co.jp,$2a$04$I3yDUd0pvsItCL6wDuPfUOUzm7mxLuDU8y/MwrcGrwjWXZY0EZl/.
scottinghamqu,btrengovequ@usa.gov,$2a$04$q2nck40Ns4Q5wxUiSZNNeetepcEtL7GJZXJ.F18noqQohlSQrAebW
mginglellqv,ccrosfeldqv@t.co,$2a$04$WA5LABs9hzK6cIJ4O9f/U.eQQpNBsK8ixGEfZws7luEs5xhMae2Ae
jvanderhoogqw,jgepsonqw@friendfeed.com,$2a$04$nKlKu97Zboqjciy/aWgF6uH4dSvsRDCL4XJVfg57AxsWWxRQEIH7K
azecchiniiqx,nbozworthqx@goo.gl,$2a$04$8.Tn5uVqI4.ashB.1SRSCOAgMP36ZVCC7LJzXvLWi0jtt4XdotRdO
jbeltqy,ilafflinaqy@hibu.com,$2a$04$eOdrwXqkeKk/mBXjrQLjwud4j4EKeEbBVIfqQse1Qea5N7GM.j8se
baskamqz,whackinqz@mayoclinic.com,$2a$04$nbMgcnMD5vZtr5KAoZzzeerOVD84hsv1GOM6o50FddYDR9l8HNEJe
croaker0,fruskr0@pen.io,$2a$04$Wm6IM6meG1Dytk8EUOj10Or8Q/WcQ5nLRNiIRaqQMeC9wSavjTJoq
avanhover1,laggottr1@un.org,$2a$04$6Jl5Z127Zd5azzevj5cXu.2LIV9t8DlVef.odtJc/ShpNt5gi.ttq
rcamillerir2,vschimaschker2@independent.co.uk,$2a$04$PzY9d4faqcJQ/OrSi.Dlk.rsBx52X/MpzDaF5x7pHj7Oam5gALN8.
jsibbornr3,ehalstedr3@360.cn,$2a$04$FxqkwQ20CKInZUefX5NJNu2/M7Tl56lT0r.Z0ppAm.EfaQQskekJa
cleamingr4,cbeldamr4@google.co.uk,$2a$04$2vScpXHCg7gUOyJbesU3w.chegQ7B4rqz1aMZrPJu3hXHMm7g/mVW
lshovelbottomr5,ipaicer5@mapquest.com,$2a$04$GMCt3xhNzCwR9sDnXRFN8uGLIa8iJwlVdZxkg46kkFO29gt1NM5xW
ccracknellr6,lmcnuttr6@mozilla.com,$2a$04$rjktPNhae5wWQC4PGQThZOCLnAhmfgxjMezRKo9vthKpGNmXykYYu
cgriswaiter7,hrivelr7@springer.com,$2a$04$7KmYKsXEa/i68AUyHo5bFuzrYeTFIlxY9wDwRWg/ApwabnpsYj/ce
grankingr8,mcanacottr8@naver.com,$2a$04$J20vomqnRYv8fc0x8nnywO7qUayVm3iyk9yCqwXP.bmpU8fOk0ZDq
kskiptonr9,rlackintonr9@google.ru,$2a$04$LymNm0eOTtTwfpaJvmtVKOKrFsgRkJHqkjmDkGnW0KKRcPuJpel.u
wbrackleyra,hspraggra@yelp.com,$2a$04$uSvBDQ8gJQEiAu0HeqQCvOB9YFkodBqmCQbHCRk5H3oSz596AvaDq
naucklandrb,lgiannirb@blogspot.com,$2a$04$sIOmvEnqDXUnarP7cO2hn.Y4r2eh5FZKZ2qwGvHekyzwbySm0jzsi
dleiboldrc,dhaylandsrc@51.la,$2a$04$9ROoYPmLcNPBiFCTR2jwXOQE84zLxirRVJjqDzME30FEYTsGc4h.i
bpergensrd,dmorrallrd@topsy.com,$2a$04$Cogy4fN5a596JvklVwZS1OXw.LNgNrdjLqvDjtPH8.uw1LM5M/Ig.
ryesininre,gcraigmylere@youtube.com,$2a$04$Sc8bEb5lNF34u6AjuZkZLulYCic9zl01o/wVcOBi8ZndxgQz4wjNK
vbriderf,jjacobowitsrf@pcworld.com,$2a$04$Dnnvri4D4PAPAYQavuI4O.qy2TBLfA9KIj//oZsje/JJ9Z/7YMhIO
uofinanrg,lweedallrg@hugedomains.com,$2a$04$xowgPyC8IPqICzczGHuhZ.yuapBEb8yeoI2qRTVLCBmjlhmCC/QEC
cstaningrh,dcobbaldrh@joomla.org,$2a$04$v3hY54toAwp9ltBlUTTYAOQm9xDaI7MZ0dsiA9jciP5Q93pSM/A7q
tmurrellsri,dcaskeyri@thetimes.co.uk,$2a$04$M5/L8k.ZSATKJSHAqybNEukfjC7S8UAZD9r4Wli8GqcC9k2Ocgvwy
nvowellrj,bstruttonrj@census.gov,$2a$04$WEglbE/73e3q6POo2k72de6h8sw7OdmCRfubKuAAO3WIPjCB0DGMC
crousbyrk,amattersonrk@dyndns.org,$2a$04$DNlUMmAauZZxlPPxpeOaSOu/zcDbcNVWSf822v8T4uJ4L9bd37Loi
afissendenrl,mfraysrl@mediafire.com,$2a$04$4us5QJjJM80hqn6Usv9T/uNZPd.mHWn8LkscWmS6l1I.qNUrBzXiq
rdonetrm,wfritchlyrm@geocities.com,$2a$04$tROO/h37pO2i78RFGCUBk.NdxH5eFM12bBXttw3VdLMpsodtdriYW
lcablern,dhirsthousern@kickstarter.com,$2a$04$LjSHeILh56a1tHcbrJFl6ey91stcKt6PKl5DCldjLdMmrsspJNfVC
tskermerro,cwinterfloodro@time.com,$2a$04$EBNDGX77376FLXaNH2voz.UpfDIxrCL5.YZAvkRx5ko.JZ0Ofw15q
jstablerp,tbenfieldrp@cornell.edu,$2a$04$0GUlOlbvlUVdaHtPZgpop.MSytyOfi0Exk99C10D1cMUr091S5g1W
biggorq,jbristowerq@parallels.com,$2a$04$Skek.i2k40ssnf8fN.pvFu.DXAPJzvLYltH.v9NS/8j281ljvYliG
kgoshawkerr,neskrickrr@house.gov,$2a$04$bZhiAX97qe4hIxlBxaRCKOTGJdaj42kqmRWc3x4cDUbIw01IvaqDK
